-- ============================================================================
-- supabase/seed.sql — FICHIER GÉNÉRÉ, NE PAS ÉDITER À LA MAIN.
--
-- Source de vérité : src/data/content/* (+ src/data/blogPosts.ts,
-- scripts/data/cities-fr.csv, public/images/**).
-- Régénérer : npx tsx scripts/generate-seed.ts
--
-- Ce seed cible une base FRAÎCHE (supabase db reset) : INSERTs simples,
-- UUID déterministes (uuidv5, namespace fixe), transaction unique.
-- ============================================================================

begin;

-- --------------------------------------------------------------------------
-- media — images existantes servies depuis /public/images (bucket 'legacy')
-- --------------------------------------------------------------------------

insert into public.media (id, bucket, path, url, alt, title, mime, size_bytes, folder) values
  ('a2c30004-924e-5066-b083-56df7778db05', 'legacy', '/images/about-app.jpg', '/images/about-app.jpg', '', null, 'image/jpeg', 0, null),
  ('626cb9d7-8b11-521f-9e23-bbae442c11c4', 'legacy', '/images/avatars/av1.jpg', '/images/avatars/av1.jpg', 'Podologue équipé 1', null, 'image/jpeg', 0, 'avatars'),
  ('cbe99ae6-cfc8-51ba-990f-7090c1010793', 'legacy', '/images/avatars/av2.jpg', '/images/avatars/av2.jpg', 'Podologue équipé 2', null, 'image/jpeg', 0, 'avatars'),
  ('73881169-7986-53e4-97e5-907b1a7b16f9', 'legacy', '/images/avatars/av3.jpg', '/images/avatars/av3.jpg', 'Podologue équipé 3', null, 'image/jpeg', 0, 'avatars'),
  ('78001ee3-0562-52c0-976a-da910b86bc04', 'legacy', '/images/avatars/av4.jpg', '/images/avatars/av4.jpg', 'Podologue équipé 4', null, 'image/jpeg', 0, 'avatars'),
  ('ebfe27fb-c88a-55c3-a90d-f032dd4934fc', 'legacy', '/images/avatars/av5.jpg', '/images/avatars/av5.jpg', 'Podologue équipé 5', null, 'image/jpeg', 0, 'avatars'),
  ('9104222b-b55a-56b3-acea-0cc93ff0232d', 'legacy', '/images/avatars/av6.jpg', '/images/avatars/av6.jpg', 'Podologue équipé 6', null, 'image/jpeg', 0, 'avatars'),
  ('c3aaea5a-bf91-54e9-be82-19725416b209', 'legacy', '/images/avatars/av7.jpg', '/images/avatars/av7.jpg', 'Podologue équipé 7', null, 'image/jpeg', 0, 'avatars'),
  ('54067980-52d1-5b1f-be30-2ea7ed741529', 'legacy', '/images/avatars/av8.jpg', '/images/avatars/av8.jpg', 'Podologue équipé 8', null, 'image/jpeg', 0, 'avatars'),
  ('c77bd8ad-01da-520f-b114-ec8ee2fc1d80', 'legacy', '/images/bilans-cabinet.jpg', '/images/bilans-cabinet.jpg', '', null, 'image/jpeg', 0, null),
  ('602f23fb-02a1-5f2f-a835-544117d9452c', 'legacy', '/images/bilans-hero-pieds.jpg', '/images/bilans-hero-pieds.jpg', '', null, 'image/jpeg', 0, null),
  ('db2cdb8f-b03b-571f-8106-475ed0141b2f', 'legacy', '/images/blog-diabete.jpg', '/images/blog-diabete.jpg', 'Examen podologique d''un pied diabétique en cabinet', null, 'image/jpeg', 0, null),
  ('81fd8f00-c9fc-580a-93c6-73f9812f7c94', 'legacy', '/images/blog-ortheses.jpg', '/images/blog-ortheses.jpg', 'Orthèses plantaires sur mesure en cours de fabrication', null, 'image/jpeg', 0, null),
  ('2914496a-5519-5fcc-bfdb-23d22896c2ea', 'legacy', '/images/blog-posturologie.jpg', '/images/blog-posturologie.jpg', 'Bilan postural d''un patient en cabinet de podologie', null, 'image/jpeg', 0, null),
  ('fdc6b296-53d8-5c9e-ab19-f4d789986d2d', 'legacy', '/images/demo-app.jpg', '/images/demo-app.jpg', '', null, 'image/jpeg', 0, null),
  ('c1985f7c-63ca-52b9-ae32-edb4c794b8a7', 'legacy', '/images/fonctionnalites/podologue-medicarepro-section-1.jpg', '/images/fonctionnalites/podologue-medicarepro-section-1.jpg', '', null, 'image/jpeg', 0, 'fonctionnalites'),
  ('da068a61-e59a-5e35-a392-fbf68d54d74a', 'legacy', '/images/fonctionnalites/podologue-medicarepro-section-2.jpg', '/images/fonctionnalites/podologue-medicarepro-section-2.jpg', 'Podologue qui gagne du temps grâce à l''automatisation', null, 'image/jpeg', 0, 'fonctionnalites'),
  ('15fade05-cc26-57be-8f42-d4bbdb05996b', 'legacy', '/images/fonctionnalites/podologue-medicarepro-section-3.jpg', '/images/fonctionnalites/podologue-medicarepro-section-3.jpg', '', null, 'image/jpeg', 0, 'fonctionnalites'),
  ('73587872-5a71-584e-9fb9-935d99b7a107', 'legacy', '/images/fonctionnalites/podologue-medicarepro-section-4.jpg', '/images/fonctionnalites/podologue-medicarepro-section-4.jpg', 'Podologue évaluant un risque de chute', null, 'image/jpeg', 0, 'fonctionnalites'),
  ('d92e1a55-58a9-51ca-b34c-e06c6384c534', 'legacy', '/images/fonctionnalites/podologue-medicarepro-section-hero.jpg', '/images/fonctionnalites/podologue-medicarepro-section-hero.jpg', '', null, 'image/jpeg', 0, 'fonctionnalites'),
  ('29ca8cfa-3660-51e6-ab9e-7bbcc07f275f', 'legacy', '/images/hero-femme.png', '/images/hero-femme.png', 'Podologue', null, 'image/png', 0, null),
  ('2fd3776f-635d-57ca-9881-e03b5ef27861', 'legacy', '/images/hero-praticien.png', '/images/hero-praticien.png', 'Praticien souriant utilisant MediCare Pro', null, 'image/png', 0, null),
  ('fce8fbac-bf97-5c7b-867e-98f81c127caf', 'legacy', '/images/securite/podologue-medicarepro-servers-hero.jpg', '/images/securite/podologue-medicarepro-servers-hero.jpg', '', null, 'image/jpeg', 0, 'securite'),
  ('e15e36ec-6a39-5606-b1d0-5fea16b3f8b0', 'legacy', '/images/securite/podologue-medicarepro-servers-section1.jpg', '/images/securite/podologue-medicarepro-servers-section1.jpg', 'Baies de serveurs hébergeant les données de santé MediCare Pro', null, 'image/jpeg', 0, 'securite'),
  ('4b8d11b0-f5f9-53c5-93f3-5fcae450202e', 'legacy', '/images/securite/podologue-medicarepro-servers-section2.jpg', '/images/securite/podologue-medicarepro-servers-section2.jpg', 'Couloir de datacenter OVHcloud hébergeant MediCare Pro', null, 'image/jpeg', 0, 'securite'),
  ('2682395e-bb0d-55ea-9e50-b781463fdad1', 'legacy', '/images/securite/podologue-medicarepro-servers-section3.jpg', '/images/securite/podologue-medicarepro-servers-section3.jpg', 'Flux de données chiffrées illustré par du code binaire', null, 'image/jpeg', 0, 'securite'),
  ('526c8ab9-07d1-55e7-a95c-8554e150edfd', 'legacy', '/images/securite/podologue-medicarepro-servers-section4.jpg', '/images/securite/podologue-medicarepro-servers-section4.jpg', 'Conformité RGPD et souveraineté des données européennes', null, 'image/jpeg', 0, 'securite');

-- --------------------------------------------------------------------------
-- pages + page_sections — 11 pages gérées (payloads validés zod, _v inclus)
-- --------------------------------------------------------------------------

insert into public.pages (id, slug, kind, title, status, published_at) values
  ('ab84de6e-e4e6-5026-83dc-0c7ddb5be35e', '/', 'managed', 'Accueil', 'published', now()),
  ('e2cadf33-188b-57eb-a9a6-32bf5c50b686', '/fonctionnalites', 'managed', 'Fonctionnalités', 'published', now()),
  ('7f3e147b-35f7-5152-a91a-2019cd67cded', '/bilans', 'managed', 'Bilans', 'published', now()),
  ('a28928df-91ba-5680-9559-3aa314dc6f73', '/securite', 'managed', 'Sécurité', 'published', now()),
  ('43ec57f2-2a17-5221-89d7-b5c3a9e3b2ae', '/avantages', 'managed', 'Avantages', 'published', now()),
  ('255a8761-714c-50fa-ad7a-194723a4bcc7', '/tarifs', 'managed', 'Tarifs', 'published', now()),
  ('9bd47d97-093f-542c-ace8-0104077998d4', '/contact', 'managed', 'Contact', 'published', now()),
  ('743597e5-3f46-5194-9ba2-80b4e0cf88dc', '/a-propos', 'managed', 'À propos', 'published', now()),
  ('ed91e558-c140-508e-b290-cc09834550ce', '/cgu', 'managed', 'Conditions générales d''utilisation', 'published', now()),
  ('f320f25b-b97e-5385-9f49-83c2f97fde92', '/mentions-legales', 'managed', 'Mentions légales', 'published', now()),
  ('e6bbefcf-145b-522a-8288-0fec8643a1df', '/confidentialite', 'managed', 'Politique de confidentialité', 'published', now());

-- sections de /
insert into public.page_sections (id, page_id, section_key, position, type, content) values
  ('a6153068-1e7a-57c4-abd7-9964d3149a15', 'ab84de6e-e4e6-5026-83dc-0c7ddb5be35e', 'hero', 0, 'home_hero', '{"type":"home_hero","_v":1,"title":"Tout votre cabinet dans\nune seule application","lead":"Le logiciel complet de gestion pour podologues,\npour vous faire gagner du temps au quotidien.","demoCta":{"label":"Voir la démo","href":"/contact"},"priceCta":{"label":"abonnement","amount":"24,84 €","note":"/mois · tout inclus","href":"/tarifs"},"proof":{"count":1000,"prefix":"+","label":"podologues équipés","avatars":[{"mediaId":null,"path":"/images/avatars/av1.jpg","alt":"Podologue équipé 1"},{"mediaId":null,"path":"/images/avatars/av2.jpg","alt":"Podologue équipé 2"},{"mediaId":null,"path":"/images/avatars/av3.jpg","alt":"Podologue équipé 3"},{"mediaId":null,"path":"/images/avatars/av4.jpg","alt":"Podologue équipé 4"},{"mediaId":null,"path":"/images/avatars/av5.jpg","alt":"Podologue équipé 5"},{"mediaId":null,"path":"/images/avatars/av6.jpg","alt":"Podologue équipé 6"},{"mediaId":null,"path":"/images/avatars/av7.jpg","alt":"Podologue équipé 7"},{"mediaId":null,"path":"/images/avatars/av8.jpg","alt":"Podologue équipé 8"}]},"photos":{"back":{"mediaId":null,"path":"/images/hero-femme.png","alt":"Podologue"},"front":{"mediaId":null,"path":"/images/hero-praticien.png","alt":"Praticien souriant utilisant MediCare Pro"}},"infoBar":{"items":[{"icon":"Phone","title":"Téléphone","value":"01 23 45 67 89"},{"icon":"Headset","title":"Support","value":"7j/7 par chat"},{"icon":"MapPin","title":"Hébergement","value":"HDS · France"}],"cta":{"label":"Je m''abonne","href":"app:register:annual"}}}'::jsonb),
  ('c0625d4f-1e65-51b7-80ae-4acacb551d6d', 'ab84de6e-e4e6-5026-83dc-0c7ddb5be35e', 'bento', 1, 'bento', '{"type":"bento","_v":1,"kicker":"Pourquoi MediCare Pro","title":"L''essentiel, en un coup d''œil","lead":"Un seul outil remplace votre agenda, votre facturation, vos bilans et votre comptabilité.","mockup":{"kicker":"Agenda & RDV en ligne","title":"Vos patients réservent seuls, l''agenda se remplit","kind":"agenda"},"counters":[{"icon":"Wallet","to":260,"prefix":"−","suffix":" €","label":"économisés chaque mois face aux outils séparés"},{"icon":"FileText","to":13,"label":"bilans podologiques normés, scores calculés automatiquement"},{"icon":"Zap","to":100,"suffix":" %","label":"de la facturation générée automatiquement, sans ressaisie"}],"hds":{"icon":"ShieldCheck","title":"Hébergé en France","sub":"HDS · RGPD · chiffré"}}'::jsonb),
  ('8ef4be27-4c37-525c-a55d-d639bad375ad', 'ab84de6e-e4e6-5026-83dc-0c7ddb5be35e', 'feature_scroll', 2, 'feature_scroll', '{"type":"feature_scroll","_v":1,"kicker":"Tout votre cabinet","title":"Une fonctionnalité pour chaque besoin","limit":6}'::jsonb),
  ('69f1dcfc-8f6a-5638-b003-bfc071f215f5', 'ab84de6e-e4e6-5026-83dc-0c7ddb5be35e', 'manifesto', 3, 'manifesto', '{"type":"manifesto","_v":1,"kicker":"Notre mission","title":"Moins d''administratif.\nPlus de podologie.","text":"MediCare Pro est né dans un cabinet, pas dans un open space. Chaque fonctionnalité répond à un vrai besoin du quotidien — conçu par des podologues, pour des podologues.","link":{"label":"Découvrir notre histoire","href":"/a-propos"}}'::jsonb),
  ('a65eab03-61f7-555c-a225-c3227f659ad6', 'ab84de6e-e4e6-5026-83dc-0c7ddb5be35e', 'reviews', 4, 'reviews', '{"type":"reviews","_v":1,"kicker":"Avis de podologues","title":"Ils nous font confiance","tone":"soft","rating":{"value":"4,9/5","label":"note moyenne · podologues abonnés"}}'::jsonb),
  ('e400d3b3-3d73-5ffe-901e-bd27c2f65d62', 'ab84de6e-e4e6-5026-83dc-0c7ddb5be35e', 'cta', 5, 'cta_panel', '{"type":"cta_panel","_v":1,"kicker":"Prêt à simplifier votre cabinet ?","title":"Tout votre cabinet réuni, pour 24,84 €/mois","lead":"Tout-en-un, sans option cachée — et plus de 3 000 € économisés par an en moyenne face aux outils séparés.","primary":{"label":"Je m''abonne","href":"app:register:annual"},"secondary":{"label":"Demander une démo","href":"/contact"},"trust":[{"icon":"ShieldCheck","label":"Hébergé en France (HDS)"},{"icon":"Wallet","label":"Sans engagement"},{"icon":"Clock","label":"Opérationnel en 1 jour"}]}'::jsonb);

-- sections de /fonctionnalites
insert into public.page_sections (id, page_id, section_key, position, type, content) values
  ('33a19f56-12c0-548f-862b-8cfcec9c2c4f', 'e2cadf33-188b-57eb-a9a6-32bf5c50b686', 'hero', 0, 'page_hero', '{"type":"page_hero","_v":1,"kicker":"Fonctionnalités","title":"Tout votre cabinet,\n**automatisé.**","lead":"Facturation, signature, comptabilité, agenda, bilans et application mobile.\nSix outils premium réunis, à partir de 24,84 €/mois."}'::jsonb),
  ('03e0869e-e052-52d8-bc5f-7bf6c5e25cfe', 'e2cadf33-188b-57eb-a9a6-32bf5c50b686', 'showcase', 1, 'feature_showcase', '{"type":"feature_showcase","_v":1,"collection":"features","tones":["white","soft","medium","dark","white","soft","medium","dark","white","soft"],"backgrounds":[{"index":3,"image":{"mediaId":null,"path":"/images/fonctionnalites/podologue-medicarepro-section-1.jpg","alt":""}},{"index":7,"image":{"mediaId":null,"path":"/images/fonctionnalites/podologue-medicarepro-section-4.jpg","alt":""}}]}'::jsonb),
  ('e9386459-a845-58ab-b646-568bdf22a9be', 'e2cadf33-188b-57eb-a9a6-32bf5c50b686', 'stats', 2, 'stats_band', '{"type":"stats_band","_v":1,"kicker":"En chiffres","title":"Un seul outil, tout votre cabinet","stats":[{"icon":"Grid","to":10,"suffix":"","label":"fonctionnalités majeures incluses"},{"icon":"FileText","to":13,"suffix":"","label":"bilans podologiques inclus"},{"icon":"Calculator","to":260,"prefix":"−","suffix":" €","label":"par mois vs outils séparés"},{"icon":"Refresh","to":100,"suffix":" %","label":"automatique, sans ressaisie"}]}'::jsonb),
  ('385c74be-4251-5fab-a7fd-a8c0bc7b0b41', 'e2cadf33-188b-57eb-a9a6-32bf5c50b686', 'portal', 3, 'portal_cards', '{"type":"portal_cards","_v":1,"kicker":"Explorer en détail","title":"Tout ce que MediCare Pro vous apporte","linkLabel":"Découvrir","cards":[{"icon":"FileText","title":"Bilans podologiques","text":"13 bilans normés avec scores calculés automatiquement : diabétique, risque de chute, posturologie et plus.","href":"/bilans"},{"icon":"ShieldCheck","title":"Sécurité & conformité","text":"Hébergement HDS en France, conformité RGPD, chiffrement et sauvegardes quotidiennes de vos données patients.","href":"/securite"},{"icon":"CheckCircle","title":"Les avantages","text":"Simplicité, tout-en-un, gain de temps : pourquoi les podologues choisissent MediCare Pro au quotidien.","href":"/avantages"}]}'::jsonb),
  ('49d3d8b9-5f03-53be-9a3f-33a9ce62743b', 'e2cadf33-188b-57eb-a9a6-32bf5c50b686', 'cta', 4, 'cta_panel', '{"type":"cta_panel","_v":1,"kicker":"Prêt à gagner du temps ?","title":"Tout votre cabinet, réuni dans une seule application","lead":"Facturation, bilans, agenda, comptabilité et signature électronique — à partir de 24,84 €/mois, tout inclus.","primary":{"label":"Je m''abonne","href":"app:register:annual"},"secondary":{"label":"Demander une démo","href":"/contact"}}'::jsonb);

-- sections de /bilans
insert into public.page_sections (id, page_id, section_key, position, type, content) values
  ('e17dc5f4-566d-5858-9895-89068dfc353c', '7f3e147b-35f7-5152-a91a-2019cd67cded', 'hero', 0, 'page_hero', '{"type":"page_hero","_v":1,"badge":"Exclusivité MediCare Pro","title":"13 bilans podologiques normés, **scores calculés pour vous.**","lead":"Bilans cliniques complets, grilles validées et recommandations.\nAucun autre logiciel ne propose autant d''évaluations spécialisées."}'::jsonb),
  ('809c0a27-d991-588d-89d4-f2b48bd88fb6', '7f3e147b-35f7-5152-a91a-2019cd67cded', 'showcase', 1, 'feature_showcase', '{"type":"feature_showcase","_v":1,"collection":"bilans","tones":["white","dark","soft"],"backgrounds":[{"index":1,"image":{"mediaId":null,"path":"/images/fonctionnalites/podologue-medicarepro-section-4.jpg","alt":"Podologue évaluant un risque de chute"}}]}'::jsonb),
  ('37a6ad64-ca5d-5f49-8be3-225bc576f01a', '7f3e147b-35f7-5152-a91a-2019cd67cded', 'benefits', 2, 'benefit_band', '{"type":"benefit_band","_v":1,"kicker":"Pourquoi ces bilans","title":"Des bilans conçus pour la clinique","items":[{"icon":"Calculator","title":"Scores calculés automatiquement","text":"Plus de calcul manuel : chaque grille produit son score instantanément."},{"icon":"BadgeCheck","title":"Grilles cliniques normées","text":"Des évaluations validées, conformes aux référentiels podologiques."},{"icon":"TrendingUp","title":"Suivi comparatif dans le temps","text":"Comparez les évaluations d''une consultation à l''autre, sans ressaisie."},{"icon":"FileText","title":"Rattaché au dossier patient","text":"Chaque bilan s''enregistre dans le dossier, prêt à l''export."}]}'::jsonb),
  ('ce5ab175-fe98-56bc-b1f3-b25558de6389', '7f3e147b-35f7-5152-a91a-2019cd67cded', 'groups', 3, 'bilan_groups', '{"type":"bilan_groups","_v":1,"kicker":"La liste complète","title":"Les 13 bilans spécialisés","groups":[{"title":"Bilans d''examen clinique","items":[{"icon":"BadgeCheck","title":"Bilan statique","text":"Évaluation posturale complète : genu varum/valgum, scoliose, bassin, rachis."},{"icon":"Refresh","title":"Bilan dynamique","text":"Analyse de la marche, déroulé du pas, appui et propulsion."},{"icon":"Eye","title":"Bilan cutané / trophique","text":"État de la peau, lésions, hyperkératoses, mycoses, ongles."},{"icon":"CheckCircle","title":"Bilan vasculaire","text":"Pouls, IPS (index de pression systolique), signes d''insuffisance veineuse/artérielle."},{"icon":"User","title":"Examen morphologique du pied","text":"Forme du pied, hallux valgus, orteils en griffe, voûte plantaire."},{"icon":"FileText","title":"Bilan articulaire","text":"Mobilité hanche, genou, cheville, sous-talienne, métatarso-phalangienne."},{"icon":"Grid","title":"Bilan neurologique","text":"Monofilament, diapason, réflexes, proprioception, force motrice."},{"icon":"FileText","title":"Tests membres inférieurs","text":"Tests spécifiques du membre inférieur (Thomas, Ober, tiroir…)."}]},{"title":"Bilans spécifiques","items":[{"icon":"Eye","title":"Bilan posturologie","text":"Romberg, test unipodal, TUG, Fukuda, convergence oculaire, ATM, capteurs posturaux."},{"icon":"Clock","title":"Bilan sport","text":"Profil athlète, analyse biomécanique, proprioception, instabilité cheville, pression plantaire."},{"icon":"Info","title":"Bilan chutes","text":"7+ critères de risque, TUG, test unipodal, chair stand test, classification du risque."},{"icon":"Shield","title":"Bilan diabétique","text":"45+ champs : monofilament, IPS, grade de risque (0-3), auto-examen, recommandations."},{"icon":"User","title":"Bilan pédiatrie","text":"Foot Posture Index (FPI), genu valgum/varum, torsion tibiale, oculomotricité, marche."}]}]}'::jsonb),
  ('63eb7264-52c3-52fa-9b32-3369ab6cd8e6', '7f3e147b-35f7-5152-a91a-2019cd67cded', 'steps', 4, 'timeline', '{"type":"timeline","_v":1,"kicker":"Comment ça marche","title":"Des scores calculés en 3 étapes","steps":[{"title":"Choisissez le bilan","text":"Sélectionnez le bilan normé adapté à votre patient parmi les 13 évaluations spécialisées intégrées."},{"title":"Saisissez vos observations","text":"Renseignez les items dans une interface claire, sans ressaisie. Tout est rattaché automatiquement au dossier patient."},{"title":"Obtenez le score automatiquement","text":"L''application calcule les scores normés instantanément et sécurise votre suivi dans le temps. Gagnez du temps à chaque consultation."}]}'::jsonb),
  ('87b71e14-8e2a-5240-9861-014deceb5e87', '7f3e147b-35f7-5152-a91a-2019cd67cded', 'stats', 5, 'stats_band', '{"type":"stats_band","_v":1,"kicker":"En chiffres","title":"Des bilans qui font la différence","stats":[{"icon":"FileText","to":13,"suffix":"","label":"bilans podologiques inclus"},{"icon":"Calculator","to":45,"prefix":"+","suffix":"","label":"champs sur le bilan diabétique"},{"icon":"Refresh","to":100,"suffix":" %","label":"scores calculés automatiquement"},{"icon":"BadgeCheck","to":0,"suffix":" €","label":"de supplément, tout est inclus"}]}'::jsonb),
  ('83fd080d-4ad0-5ee9-9dbb-1ed940a06be4', '7f3e147b-35f7-5152-a91a-2019cd67cded', 'cta', 6, 'cta_panel', '{"type":"cta_panel","_v":1,"kicker":"Tout inclus, sans option","title":"Les 13 bilans inclus dans votre abonnement","lead":"Scores calculés, grilles validées et suivi patient — à partir de 24,84 €/mois, sans supplément ni option payante.","primary":{"label":"Commencer maintenant","href":"app:register:annual"},"secondary":{"label":"Voir les tarifs","href":"/tarifs"}}'::jsonb),
  ('d7edd8bd-33e1-5584-87d3-3867da313abd', '7f3e147b-35f7-5152-a91a-2019cd67cded', 'cross_links', 7, 'cross_links', '{"type":"cross_links","_v":1,"links":[{"label":"Les avantages","href":"/avantages"},{"label":"Toutes les fonctionnalités","href":"/fonctionnalites"},{"label":"Sécurité & conformité","href":"/securite"}]}'::jsonb);

-- sections de /securite
insert into public.page_sections (id, page_id, section_key, position, type, content) values
  ('8e1e6481-b049-568a-9b66-bc5d839c8f0f', 'a28928df-91ba-5680-9559-3aa314dc6f73', 'hero', 0, 'page_hero', '{"type":"page_hero","_v":1,"kicker":"Sécurité & conformité","title":"Vos données de santé, **protégées au plus haut niveau.**","lead":"Hébergement HDS chez OVHcloud en France, chiffrement de bout en bout et conformité RGPD : la confidentialité de vos patients, notre priorité absolue.","trust":[{"icon":"BadgeCheck","label":"Certifié HDS"},{"icon":"Shield","label":"Conforme RGPD"},{"icon":"Lock","label":"Chiffré de bout en bout"},{"icon":"Globe","label":"Données en France"}]}'::jsonb),
  ('78060b89-e7c2-5dc2-a666-841653f920f7', 'a28928df-91ba-5680-9559-3aa314dc6f73', 'showcase_1', 1, 'showcase', '{"type":"showcase","_v":1,"icon":"Server","kicker":"Infrastructure","title":"Hébergement HDS en France","text":"Vos données de santé sont hébergées chez un prestataire certifié Hébergeur de Données de Santé (HDS), exclusivement sur le territoire français. Aucune donnée patient ne quitte la France.","points":["Certification HDS conforme à l''article L.1111-8 du Code de la santé publique","Datacenters situés sur le sol français","Redondance et haute disponibilité de l''infrastructure","Isolation stricte des environnements de production"],"image":{"mediaId":null,"path":"/images/securite/podologue-medicarepro-servers-section1.jpg","alt":"Baies de serveurs hébergeant les données de santé MediCare Pro"},"tone":"white","reverse":false}'::jsonb),
  ('690dcd95-e067-5c42-bc87-473410aa155d', 'a28928df-91ba-5680-9559-3aa314dc6f73', 'showcase_2', 2, 'showcase', '{"type":"showcase","_v":1,"icon":"Globe","kicker":"Hébergeur","title":"Hébergé chez OVHcloud, datacenters en France","text":"Nous nous appuyons sur OVHcloud, leader européen du cloud et hébergeur certifié HDS. Vos données patients sont stockées dans ses datacenters français, sous souveraineté européenne — à l''abri des législations extra-européennes.","points":["OVHcloud : hébergeur certifié HDS et souveraineté européenne","Datacenters Tier III+ en France, sécurisés 24h/24","Aucune dépendance au Cloud Act américain","Engagement de réversibilité de vos données"],"image":{"mediaId":null,"path":"/images/securite/podologue-medicarepro-servers-section2.jpg","alt":"Couloir de datacenter OVHcloud hébergeant MediCare Pro"},"tone":"dark","reverse":true}'::jsonb),
  ('2b737957-aacb-5464-ace2-808350db40d4', 'a28928df-91ba-5680-9559-3aa314dc6f73', 'showcase_3', 3, 'showcase', '{"type":"showcase","_v":1,"icon":"Lock","kicker":"Chiffrement","title":"Chiffrement de bout en bout","text":"Vos données sont chiffrées en transit et au repos. Les communications passent par des canaux TLS et le stockage est protégé par un chiffrement AES robuste : même en cas d''accès physique, les données restent illisibles.","points":["Chiffrement AES-256 des données au repos","Connexions chiffrées TLS 1.3 de bout en bout","Authentification forte pour bloquer tout accès non autorisé","Cloisonnement des accès par rôle (podologue, cabinet)"],"image":{"mediaId":null,"path":"/images/securite/podologue-medicarepro-servers-section3.jpg","alt":"Flux de données chiffrées illustré par du code binaire"},"tone":"soft","reverse":false}'::jsonb),
  ('8bbbe397-34d7-5a35-8f73-687b04f8c11a', 'a28928df-91ba-5680-9559-3aa314dc6f73', 'showcase_4', 4, 'showcase', '{"type":"showcase","_v":1,"icon":"Shield","kicker":"Conformité","title":"Conformité RGPD & droits des patients","text":"Le traitement de vos données respecte le Règlement Général sur la Protection des Données : finalités déclarées, minimisation, consentement et respect intégral des droits des patients. Vous restez maître de vos données.","points":["Finalités de traitement déclarées et limitées","Droit d''accès, de rectification et d''effacement garantis","Registre des traitements tenu à jour","Sous-traitants conformes RGPD et localisés en Europe"],"image":{"mediaId":null,"path":"/images/securite/podologue-medicarepro-servers-section4.jpg","alt":"Conformité RGPD et souveraineté des données européennes"},"tone":"dark","reverse":true}'::jsonb),
  ('ed58683a-020f-5612-ab55-ae45e9d357cf', 'a28928df-91ba-5680-9559-3aa314dc6f73', 'guarantees', 5, 'stats_band', '{"type":"stats_band","_v":1,"kicker":"Nos garanties","title":"La sécurité, mesurée et garantie","stats":[{"icon":"Server","to":99.9,"suffix":" %","decimals":1,"label":"de disponibilité garantie"},{"icon":"Key","to":256,"suffix":" bits","label":"de chiffrement AES des données"},{"icon":"Refresh","to":24,"suffix":" h","label":"fréquence des sauvegardes"},{"icon":"Globe","to":100,"suffix":" %","label":"des données hébergées en France"}]}'::jsonb),
  ('367875f0-dffd-5f53-8cce-19a69ce9f7dc', 'a28928df-91ba-5680-9559-3aa314dc6f73', 'host', 6, 'host_band', '{"type":"host_band","_v":1,"kicker":"Infrastructure de confiance","title":"Un hébergement souverain, en qui vous pouvez avoir confiance","text":"MediCare Pro s''appuie sur OVHcloud, leader européen du cloud et acteur reconnu de l''hébergement de données de santé. Vos données patients restent en France, sous protection européenne.","points":["Hébergeur agréé pour les données de santé (HDS)","Souveraineté européenne — hors Cloud Act","Datacenters français sécurisés en continu"],"logoCaption":"Hébergeur certifié HDS"}'::jsonb),
  ('748a48dd-8323-5c65-ad1b-96947ee88a1e', 'a28928df-91ba-5680-9559-3aa314dc6f73', 'portal', 7, 'portal_cards', '{"type":"portal_cards","_v":1,"kicker":"Aller plus loin","title":"Découvrir MediCare Pro","linkLabel":"Découvrir","cards":[{"icon":"FileText","title":"Toutes les fonctionnalités","text":"Facturation, signature, comptabilité, agenda, bilans et application mobile — tout votre cabinet réuni.","href":"/fonctionnalites"},{"icon":"CheckCircle","title":"Tarifs tout inclus","text":"Un seul abonnement, sans option cachée. Sécurité, mises à jour et support compris.","href":"/tarifs"},{"icon":"BadgeCheck","title":"Les 13 bilans podologiques","text":"Des bilans normés avec scores calculés automatiquement, pour un suivi patient sécurisé.","href":"/bilans"}]}'::jsonb),
  ('b20d8c29-df4f-5dfc-a05f-f3891bd695b4', 'a28928df-91ba-5680-9559-3aa314dc6f73', 'cta', 8, 'cta_panel', '{"type":"cta_panel","_v":1,"kicker":"Vos patients méritent le meilleur","title":"Vos données patients, entre de bonnes mains","lead":"Hébergement HDS en France, chiffrement de bout en bout et conformité RGPD — tout est inclus, à partir de 24,84 €/mois.","primary":{"label":"Je m''abonne","href":"app:register:annual"},"secondary":{"label":"Demander une démo","href":"/contact"}}'::jsonb);

-- sections de /avantages
insert into public.page_sections (id, page_id, section_key, position, type, content) values
  ('26ec7a03-65f7-5ea3-be38-2bd711420ffb', '43ec57f2-2a17-5221-89d7-b5c3a9e3b2ae', 'hero', 0, 'page_hero', '{"type":"page_hero","_v":1,"kicker":"Avantages","title":"Un seul logiciel, **tout votre cabinet simplifié.**","lead":"Tout-en-un, simple, rapide et économique : voici pourquoi les podologues choisissent MediCare Pro pour gérer leur cabinet au quotidien — à partir de 24,84 €/mois, tout inclus.","trust":[{"icon":"Layers","label":"Tout-en-un"},{"icon":"Sparkles","label":"Simple à prendre en main"},{"icon":"Clock","label":"Gain de temps"},{"icon":"Wallet","label":"Jusqu''à 260 €/mois économisés"}]}'::jsonb),
  ('01c37eb5-fa1e-5cea-9422-1fa733385099', '43ec57f2-2a17-5221-89d7-b5c3a9e3b2ae', 'showcase_1', 1, 'showcase', '{"type":"showcase","_v":1,"icon":"Layers","kicker":"Tout-en-un","title":"Tout votre cabinet dans une seule application","text":"Fini les outils dispersés et les abonnements multiples. Patients, factures, comptabilité, agenda, bilans et signature : tout est réuni au même endroit, sans ressaisie.","points":["Patients, factures, compta et agenda centralisés","Aucune double saisie d''un outil à l''autre","Une seule facture mensuelle, un seul interlocuteur","10 fonctionnalités majeures incluses"],"mockup":"pwa","tone":"white","reverse":false}'::jsonb),
  ('7cd7350d-bb6e-591c-9bdc-7bbc19cce32e', '43ec57f2-2a17-5221-89d7-b5c3a9e3b2ae', 'showcase_2', 2, 'showcase', '{"type":"showcase","_v":1,"icon":"Sparkles","kicker":"Simplicité","title":"Une prise en main immédiate, sans formation","text":"Une interface claire, pensée pour les podologues et non pour les informaticiens. Vous êtes opérationnel dès le premier jour, sans manuel ni formation coûteuse.","points":["Interface intuitive et épurée","Opérationnel dès le premier jour","Aucune formation requise","Support humain réactif si besoin"],"mockup":"agenda","tone":"soft","reverse":true}'::jsonb),
  ('7961b356-f5de-5879-9f6d-c281087d6556', '43ec57f2-2a17-5221-89d7-b5c3a9e3b2ae', 'showcase_3', 3, 'showcase', '{"type":"showcase","_v":1,"icon":"Zap","kicker":"Gain de temps","title":"Des heures gagnées chaque semaine","text":"L''administratif tourne tout seul : factures générées automatiquement, scores de bilans calculés, rappels de rendez-vous envoyés. Vous vous concentrez sur vos patients.","points":["Facturation générée 100 % automatiquement","Scores et grades de bilans calculés","Rappels de rendez-vous par email et SMS","Beaucoup moins d''administratif au quotidien"],"image":{"mediaId":null,"path":"/images/fonctionnalites/podologue-medicarepro-section-2.jpg","alt":"Podologue qui gagne du temps grâce à l''automatisation"},"tone":"dark","reverse":false}'::jsonb),
  ('b6b1ae17-436c-587f-a4c8-c6b8282ab57a', '43ec57f2-2a17-5221-89d7-b5c3a9e3b2ae', 'showcase_4', 4, 'showcase', '{"type":"showcase","_v":1,"icon":"FileText","kicker":"Cliniquement complet","title":"Les bilans les plus complets du marché","text":"13 bilans podologiques normés, du pied diabétique au risque de chute en passant par la posturologie, avec scores et grades calculés automatiquement pour un suivi fiable.","points":["13 bilans podologiques inclus","Scores et grades calculés automatiquement","Grilles cliniques validées","Suivi comparatif dans le temps"],"mockup":"bilan","tone":"white","reverse":true}'::jsonb),
  ('1eb45681-507e-5ebc-a137-56127ff14236', '43ec57f2-2a17-5221-89d7-b5c3a9e3b2ae', 'showcase_5', 5, 'showcase', '{"type":"showcase","_v":1,"icon":"ShieldCheck","kicker":"Confiance","title":"Vos données protégées au plus haut niveau","text":"Hébergement HDS en France chez OVHcloud, conformité RGPD, chiffrement de bout en bout et sauvegardes incluses : la sécurité de vos patients est garantie, sans surcoût.","points":["Hébergement HDS en France","Conformité RGPD","Chiffrement de bout en bout","Sauvegardes quotidiennes incluses"],"image":{"mediaId":null,"path":"/images/securite/podologue-medicarepro-servers-section1.jpg","alt":"Infrastructure sécurisée hébergeant les données MediCare Pro"},"tone":"dark","reverse":false}'::jsonb),
  ('34e59262-5fd2-5187-9cf3-e262b34236f4', '43ec57f2-2a17-5221-89d7-b5c3a9e3b2ae', 'savings', 6, 'savings_compare', '{"type":"savings_compare","_v":1,"kicker":"Économies réalisées","title":"Un seul abonnement, pas cinq factures","lead":"Un podologue dépense en moyenne 285 €/mois en outils séparés. MediCare Pro centralise tout à partir de 24,84 €/mois.","before":{"label":"Sans MediCare Pro","price":285,"priceNote":"/mois","totalLabel":"Total mensuel","tools":[{"icon":"Calendar","label":"Agenda & prise de RDV en ligne","price":"150 €"},{"icon":"Invoice","label":"Logiciel de facturation","price":"40 €"},{"icon":"Calculator","label":"Expert-comptable / comptabilité","price":"60 €"},{"icon":"Signature","label":"Signature électronique","price":"20 €"},{"icon":"Server","label":"Sauvegarde sécurisée","price":"15 €"}]},"after":{"label":"MediCare Pro","price":24.84,"priceNote":"/mois","badge":"Tout inclus","points":["Agenda et prise de RDV inclus","Comptabilité intégrée","Sans aucune option cachée"]},"stats":[{"icon":"TrendingUp","to":260,"prefix":"−","suffix":" €","label":"économisés par mois"},{"icon":"Wallet","to":3120,"suffix":" €","label":"économisés par an, en moyenne"}],"tone":"soft"}'::jsonb),
  ('1375ba15-1c2a-5151-8f3b-9e381fbab826', '43ec57f2-2a17-5221-89d7-b5c3a9e3b2ae', 'reviews', 7, 'reviews', '{"type":"reviews","_v":1,"kicker":"Avis de podologues","title":"Ils nous font confiance","tone":"white","rating":{"value":"4,9/5","label":"note moyenne · podologues abonnés"}}'::jsonb),
  ('5e4fa36b-de0e-5b23-91fd-f91a68f854ad', '43ec57f2-2a17-5221-89d7-b5c3a9e3b2ae', 'stats', 8, 'stats_band', '{"type":"stats_band","_v":1,"kicker":"En chiffres","title":"Le tout-en-un qui change la donne","stats":[{"icon":"TrendingUp","to":260,"prefix":"−","suffix":" €","label":"économisés par mois en moyenne"},{"icon":"Layers","to":10,"suffix":"","label":"fonctionnalités majeures incluses"},{"icon":"FileText","to":13,"suffix":"","label":"bilans podologiques inclus"},{"icon":"Wallet","to":3120,"suffix":" €","label":"économisés par an, en moyenne"}]}'::jsonb),
  ('e6b058ca-6246-5782-800b-636eaf42346d', '43ec57f2-2a17-5221-89d7-b5c3a9e3b2ae', 'portal', 9, 'portal_cards', '{"type":"portal_cards","_v":1,"kicker":"Aller plus loin","title":"Explorer MediCare Pro","linkLabel":"Découvrir","cards":[{"icon":"Layers","title":"Toutes les fonctionnalités","text":"Facturation, signature, comptabilité, agenda, bilans et application mobile — le détail de tout ce qui est inclus.","href":"/fonctionnalites","stat":"10 fonctionnalités"},{"icon":"Calculator","title":"Tarifs tout inclus","text":"Un seul abonnement à 24,84 €/mois, sans option cachée. Comparez et calculez vos économies.","href":"/tarifs","stat":"24,84 €/mois"},{"icon":"FileText","title":"Les 13 bilans podologiques","text":"Le catalogue de bilans le plus complet du marché, avec scores calculés automatiquement.","href":"/bilans","stat":"13 bilans"}]}'::jsonb),
  ('e6bcc3ee-cd70-5604-a05d-cbe4d5fd964a', '43ec57f2-2a17-5221-89d7-b5c3a9e3b2ae', 'cta', 10, 'cta_panel', '{"type":"cta_panel","_v":1,"kicker":"Prêt à simplifier votre cabinet ?","title":"Tout votre cabinet réuni, pour 24,84 €/mois","lead":"Tout-en-un, sans option cachée — et plus de 3 000 € économisés par an en moyenne face aux outils séparés.","primary":{"label":"Je m''abonne","href":"app:register:annual"},"secondary":{"label":"Demander une démo","href":"/contact"},"trust":[{"icon":"ShieldCheck","label":"Hébergé en France (HDS)"},{"icon":"Wallet","label":"Sans engagement"},{"icon":"Clock","label":"Opérationnel en 1 jour"}]}'::jsonb);

-- sections de /tarifs
insert into public.page_sections (id, page_id, section_key, position, type, content) values
  ('6602a0a1-2ff4-52bd-8ebc-40144b08c9c6', '255a8761-714c-50fa-ad7a-194723a4bcc7', 'hero', 0, 'page_hero', '{"type":"page_hero","_v":1,"kicker":"Tarifs","title":"Un prix unique, tout compris, sans surprise","lead":"Pas d''option payante, pas de module en supplément. Toutes les fonctionnalités incluses, à partir de 24,84 €/mois.","image":{"mediaId":null,"path":"/images/fonctionnalites/podologue-medicarepro-section-4.jpg","alt":""}}'::jsonb),
  ('1229ecbe-d976-583a-8c2a-548f4f259098', '255a8761-714c-50fa-ad7a-194723a4bcc7', 'pricing', 1, 'pricing', '{"type":"pricing","_v":1,"title":"Une offre unique, **tout inclus**","subtitle":"Pas d''options payantes, pas de modules en supplément. Toutes les fonctionnalités sont incluses.","examplesTitle":"Exemples de tarification","tableHead":{"config":"Configuration","monthly":"Mensuel","yearly":"Annuel"},"navLinks":[{"label":"← Sécurité","href":"/securite"},{"label":"Les avantages →","href":"/avantages"},{"label":"Toutes les fonctionnalités →","href":"/fonctionnalites"}],"ctaBand":{"title":"Arrêtez de payer 285 €/mois pour 24,84 €","text":"Tout inclus. Économisez plus de 3 000 € par an.","cta":{"label":"Je m''abonne","href":"app:register:annual"},"note":"Offre 12 mois · 24,84 €/mois TTC"}}'::jsonb),
  ('581b0d5a-bea9-5434-b2fe-9eb0556bee96', '255a8761-714c-50fa-ad7a-194723a4bcc7', 'savings', 2, 'savings_compare', '{"type":"savings_compare","_v":1,"kicker":"Économies réalisées","title":"Combien coûte un logiciel de podologie ?","lead":"Un podologue dépense en moyenne 285 €/mois en outils séparés. MediCare Pro centralise tout à partir de 24,84 €/mois.","before":{"label":"Outils séparés","price":285,"priceNote":"/mois"},"after":{"label":"MediCare Pro, tout inclus","price":24.84,"priceNote":"/mois"},"result":"Soit **+3 000 € économisés par an**, en moyenne.","stats":[{"value":"−260 €","label":"par mois face aux outils séparés"},{"value":"−17 %","label":"sur l''offre 12 mois (60,48 €/an)"},{"value":"0 €","label":"d''option cachée — tout est inclus"}]}'::jsonb),
  ('0834cf4b-906c-503f-9b45-cbe858adfc4e', '255a8761-714c-50fa-ad7a-194723a4bcc7', 'faq', 3, 'faq', '{"type":"faq","_v":1,"kicker":"Questions fréquentes","title":"Vous vous demandez…"}'::jsonb);

-- sections de /contact
insert into public.page_sections (id, page_id, section_key, position, type, content) values
  ('bb54871f-4c40-59b0-86de-3eaf7cfdbf4d', '9bd47d97-093f-542c-ace8-0104077998d4', 'hero', 0, 'page_hero', '{"type":"page_hero","_v":1,"kicker":"Contact","title":"Parlons de votre cabinet","lead":"Une question, une démo, un abonnement ? Notre équipe vous répond. Hébergement HDS en France, données conformes RGPD.","image":{"mediaId":null,"path":"/images/fonctionnalites/podologue-medicarepro-section-1.jpg","alt":""}}'::jsonb),
  ('e8fda5fd-ec5f-5a84-a5bb-caaee4a216a3', '9bd47d97-093f-542c-ace8-0104077998d4', 'channels', 1, 'contact_channels', '{"type":"contact_channels","_v":1,"kicker":"Nous écrire","title":"Une équipe qui connaît vos journées","text":"Une question sur les tarifs, la migration de vos données ou la conformité HDS ? Choisissez le canal qui vous arrange — on vous répond vite, et sans jargon.","channels":[{"icon":"Mail","title":"Par email","value":"contact@medicarepro.fr","note":"Réponse sous 24 h ouvrées","href":"mailto:contact@medicarepro.fr"},{"icon":"Phone","title":"Par téléphone","value":"01 23 45 67 89","note":"Du lundi au vendredi, 9 h – 18 h","href":"tel:+33123456789"},{"icon":"Headset","title":"Démo en visio","value":"30 minutes, sur vos cas concrets","note":"Gratuit et sans engagement"}],"hdsLine":"Vos données sont hébergées en France (HDS), chiffrées et conformes RGPD.","form":{"title":"Demander une démo","sub":"Dites-nous en un mot où en est votre cabinet, on s''occupe du reste.","consent":"J''accepte que mes données soient traitées conformément à la politique de confidentialité.","submitLabel":"Envoyer ma demande","successTitle":"Message bien reçu !","successText":"Merci pour votre confiance. Un membre de l''équipe revient vers vous sous 24 h ouvrées pour organiser la suite.","footNote":"Données hébergées en France (HDS), chiffrées et conformes RGPD."}}'::jsonb),
  ('f232cb38-e2cb-5b66-a273-5eefd0031465', '9bd47d97-093f-542c-ace8-0104077998d4', 'steps', 2, 'contact_steps', '{"type":"contact_steps","_v":1,"kicker":"Et ensuite ?","title":"De votre message à un cabinet équipé","steps":[{"title":"On vous répond","text":"Sous 24 h ouvrées, par email ou téléphone, selon votre préférence."},{"title":"On vous montre","text":"Une démo personnalisée de 30 minutes, sur les cas concrets de votre cabinet."},{"title":"Vous démarrez","text":"Import de vos données et cabinet opérationnel en une journée."}]}'::jsonb),
  ('47023df9-3430-540c-8c40-d03544963f9f', '9bd47d97-093f-542c-ace8-0104077998d4', 'cross_links', 3, 'cross_links', '{"type":"cross_links","_v":1,"links":[{"label":"Voir les tarifs","href":"/tarifs"},{"label":"Les fonctionnalités","href":"/fonctionnalites"},{"label":"Sécurité des données","href":"/securite"}]}'::jsonb);

-- sections de /a-propos
insert into public.page_sections (id, page_id, section_key, position, type, content) values
  ('cf667da8-b132-5014-a8a9-3cd49ecaf1b9', '743597e5-3f46-5194-9ba2-80b4e0cf88dc', 'hero', 0, 'page_hero', '{"type":"page_hero","_v":1,"kicker":"À propos","title":"Conçu par des podologues, pour des podologues","lead":"Notre mission : réunir tout ce dont un cabinet de podologie a besoin dans une seule application, simple et conforme.","image":{"mediaId":null,"path":"/images/bilans-cabinet.jpg","alt":""},"imagePos":"center 45%"}'::jsonb),
  ('a04199c6-9ca2-59f7-98cf-c1db66052b25', '743597e5-3f46-5194-9ba2-80b4e0cf88dc', 'story', 1, 'story', '{"type":"story","_v":1,"kicker":"Notre histoire","title":"Né dans un cabinet, pas dans un open space.","paragraphs":["MediCare Pro est parti d''un constat simple : un podologue jongle en moyenne avec **quatre logiciels** — patients, agenda, facturation, comptabilité — pour près de **285 € par mois**. Des outils qui ne se parlent pas, et des heures d''administratif qui s''accumulent le soir.","Nous avons donc construit l''outil que nous aurions voulu trouver : **une seule application**, du dossier patient à la comptabilité, pensée pour les journées réelles d''un cabinet — pas pour une plaquette commerciale.","Chaque fonctionnalité est née d''une demande de praticien ; c''est encore comme ça que MediCare Pro évolue aujourd''hui."],"signature":"L''équipe MediCare Pro"}'::jsonb),
  ('0d8380d1-8842-5d8d-b590-448c90b961b9', '743597e5-3f46-5194-9ba2-80b4e0cf88dc', 'timeline', 2, 'timeline', '{"type":"timeline","_v":1,"steps":[{"title":"Le constat","text":"Quatre logiciels, près de 285 € par mois, et des soirées entières perdues en paperasse : la gestion du cabinet grignote le temps de soin."},{"title":"Le déclic","text":"Plutôt que d''empiler un outil de plus, tout réunir dans une seule application pensée pour les journées réelles d''un podologue."},{"title":"Le produit","text":"Dossiers patients, 13 bilans normés, facturation, agenda et comptabilité prennent forme — testés en cabinet, pas en salle de réunion."},{"title":"Aujourd''hui","text":"Une communauté de podologues qui fait évoluer l''outil en continu, une fonctionnalité à la fois."}]}'::jsonb),
  ('67c661b1-93fe-510e-bf66-71670877e084', '743597e5-3f46-5194-9ba2-80b4e0cf88dc', 'stats', 3, 'stats_band', '{"type":"stats_band","_v":1,"kicker":"En chiffres","title":"MediCare Pro aujourd''hui","stats":[{"icon":"FileText","to":13,"suffix":"","decimals":0,"label":"bilans podologiques normés, scores calculés automatiquement"},{"icon":"Wallet","to":3120,"suffix":" €","decimals":0,"label":"économisés par an en moyenne face aux outils séparés"},{"icon":"ShieldCheck","to":100,"suffix":" %","decimals":0,"label":"des données hébergées en France, certifié HDS"},{"icon":"Invoice","to":24.84,"suffix":" €","decimals":2,"label":"par mois tout compris, sans option cachée"}]}'::jsonb),
  ('1cef8da8-83fb-5fb5-a9cb-f7b67620d618', '743597e5-3f46-5194-9ba2-80b4e0cf88dc', 'values', 4, 'values', '{"type":"values","_v":1,"kicker":"Nos engagements","title":"Pensé pour votre quotidien","items":[{"icon":"CheckCircle","title":"Simplicité","text":"Une prise en main immédiate, sans formation."},{"icon":"Grid","title":"Tout-en-un","text":"Patients, factures, compta, agenda : un seul outil."},{"icon":"ShieldCheck","title":"Conformité","text":"RGPD et données de santé hébergées en HDS."},{"icon":"Lock","title":"Sécurité","text":"Chiffrement complet, authentification forte."},{"icon":"Clock","title":"Gain de temps","text":"Facturation et bilans automatisés."}],"teaserHref":"/avantages"}'::jsonb),
  ('0cd6d7cd-7ec7-5dbc-a10e-e85906b3be69', '743597e5-3f46-5194-9ba2-80b4e0cf88dc', 'reviews', 5, 'reviews', '{"type":"reviews","_v":1,"kicker":"Avis de podologues","title":"Ils nous font confiance","tone":"white","rating":{"value":"4,9/5","label":"note moyenne · podologues abonnés"}}'::jsonb),
  ('7481154a-c6c2-54be-aab0-639824c073dd', '743597e5-3f46-5194-9ba2-80b4e0cf88dc', 'cross_links', 6, 'cross_links', '{"type":"cross_links","_v":1,"links":[{"label":"Les avantages","href":"/avantages"},{"label":"Sécurité des données","href":"/securite"},{"label":"Les bilans podologiques","href":"/bilans"}]}'::jsonb),
  ('debf788e-f4cc-5f96-8770-01583b4dadeb', '743597e5-3f46-5194-9ba2-80b4e0cf88dc', 'cta_band', 7, 'cta_band', '{"type":"cta_band","_v":1,"title":"Ne laissez plus l''administratif vous freiner","text":"Abonnez-vous dès aujourd''hui et centralisez tout votre cabinet.","cta":{"label":"Je m''abonne","href":"app:register:annual"},"tone":"soft"}'::jsonb);

-- sections de /cgu
insert into public.page_sections (id, page_id, section_key, position, type, content) values
  ('7b83e260-be5f-5d12-9d50-0f4c7831397b', 'ed91e558-c140-508e-b290-cc09834550ce', 'hero', 0, 'page_hero', '{"type":"page_hero","_v":1,"kicker":"Informations légales","title":"Conditions générales d''utilisation","lead":"Les présentes conditions régissent l''utilisation du site vitrine medicarepro.fr.","image":{"mediaId":null,"path":"/images/fonctionnalites/podologue-medicarepro-section-2.jpg","alt":""}}'::jsonb),
  ('33f35068-a4f1-54ff-8706-63e473fb2012', 'ed91e558-c140-508e-b290-cc09834550ce', 'body', 1, 'rich_text', '{"type":"rich_text","_v":1,"body":{"type":"doc","content":[{"type":"heading","attrs":{"level":2},"content":[{"type":"text","text":"1. Objet"}]},{"type":"paragraph","content":[{"type":"text","text":"Les présentes conditions générales d''utilisation (CGU) encadrent l''accès et l''utilisation du site medicarepro.fr (le « Site »), édité par [À COMPLÉTER : raison sociale]. En naviguant sur le Site, l''utilisateur accepte les présentes CGU sans réserve."}]},{"type":"heading","attrs":{"level":2},"content":[{"type":"text","text":"2. Description du service"}]},{"type":"paragraph","content":[{"type":"text","text":"Le Site est un site vitrine présentant MediCare Pro, logiciel de gestion de cabinet destiné aux pédicures-podologues : dossiers patients, facturation, comptabilité, agenda, bilans podologiques et signature électronique. La souscription à l''abonnement et l''utilisation du logiciel s''effectuent sur l''application dédiée (app.medicarepro.fr) et sont régies par des conditions contractuelles propres, communiquées lors de l''inscription."}]},{"type":"heading","attrs":{"level":2},"content":[{"type":"text","text":"3. Accès au Site"}]},{"type":"paragraph","content":[{"type":"text","text":"Le Site est accessible gratuitement, 24 h/24 et 7 j/7, sous réserve des opérations de maintenance et des aléas techniques. L''éditeur ne saurait être tenu responsable d''une indisponibilité temporaire du Site."}]},{"type":"heading","attrs":{"level":2},"content":[{"type":"text","text":"4. Propriété intellectuelle"}]},{"type":"paragraph","content":[{"type":"text","text":"Tous les éléments du Site (textes, visuels, logos, marque « MediCare Pro », interfaces) sont protégés par le droit de la propriété intellectuelle et demeurent la propriété exclusive de l''éditeur. Toute reproduction non autorisée constitue une contrefaçon."}]},{"type":"heading","attrs":{"level":2},"content":[{"type":"text","text":"5. Responsabilité"}]},{"type":"paragraph","content":[{"type":"text","text":"Les informations publiées sur le Site (dont les contenus du blog à destination des professionnels) sont fournies à titre informatif et ne constituent ni un avis médical, ni un engagement contractuel. L''éditeur s''efforce d''assurer l''exactitude des informations mais ne peut la garantir de manière absolue."}]},{"type":"heading","attrs":{"level":2},"content":[{"type":"text","text":"6. Liens externes"}]},{"type":"paragraph","content":[{"type":"text","text":"Le Site peut contenir des liens vers des sites tiers. L''éditeur n''exerce aucun contrôle sur ces sites et décline toute responsabilité quant à leur contenu."}]},{"type":"heading","attrs":{"level":2},"content":[{"type":"text","text":"7. Données personnelles"}]},{"type":"paragraph","content":[{"type":"text","text":"Les traitements de données personnelles liés au Site sont décrits dans la "},{"type":"text","marks":[{"type":"link","attrs":{"href":"/confidentialite"}}],"text":"politique de confidentialité"},{"type":"text","text":"."}]},{"type":"heading","attrs":{"level":2},"content":[{"type":"text","text":"8. Droit applicable"}]},{"type":"paragraph","content":[{"type":"text","text":"Les présentes CGU sont soumises au droit français. Tout litige relatif à leur interprétation ou leur exécution relève, à défaut de résolution amiable, de la compétence des tribunaux français."}]},{"type":"paragraph","content":[{"type":"text","text":"Dernière mise à jour : [À COMPLÉTER : date]."}]}]}}'::jsonb);

-- sections de /mentions-legales
insert into public.page_sections (id, page_id, section_key, position, type, content) values
  ('34b916ce-72d4-5161-a59b-60f3f15ea54d', 'f320f25b-b97e-5385-9f49-83c2f97fde92', 'hero', 0, 'page_hero', '{"type":"page_hero","_v":1,"kicker":"Informations légales","title":"Mentions légales","lead":"Informations relatives à l''éditeur et à l''hébergement du site medicarepro.fr.","image":{"mediaId":null,"path":"/images/about-app.jpg","alt":""}}'::jsonb),
  ('f6d92178-5d83-5a36-9137-4e218b8ecc64', 'f320f25b-b97e-5385-9f49-83c2f97fde92', 'body', 1, 'rich_text', '{"type":"rich_text","_v":1,"body":{"type":"doc","content":[{"type":"heading","attrs":{"level":2},"content":[{"type":"text","text":"Éditeur du site"}]},{"type":"paragraph","content":[{"type":"text","text":"Le site medicarepro.fr est édité par [À COMPLÉTER : raison sociale], [À COMPLÉTER : forme juridique] au capital de [À COMPLÉTER] €, immatriculée au RCS de [À COMPLÉTER] sous le numéro [À COMPLÉTER : SIREN/SIRET], dont le siège social est situé [À COMPLÉTER : adresse complète]."}]},{"type":"paragraph","content":[{"type":"text","text":"Numéro de TVA intracommunautaire : [À COMPLÉTER]. Directeur de la publication : [À COMPLÉTER : nom du dirigeant]."}]},{"type":"paragraph","content":[{"type":"text","text":"Contact : "},{"type":"text","marks":[{"type":"link","attrs":{"href":"mailto:contact@medicarepro.fr"}}],"text":"contact@medicarepro.fr"},{"type":"text","text":"."}]},{"type":"heading","attrs":{"level":2},"content":[{"type":"text","text":"Hébergement"}]},{"type":"paragraph","content":[{"type":"text","text":"Le site est hébergé par OVHcloud (OVH SAS), 2 rue Kellermann, 59100 Roubaix, France — téléphone : 1007 — "},{"type":"text","marks":[{"type":"link","attrs":{"href":"https://www.ovhcloud.com","target":"_blank","rel":"noopener noreferrer"}}],"text":"www.ovhcloud.com"},{"type":"text","text":". Les données de santé traitées par l''application MediCare Pro sont hébergées en France chez un hébergeur certifié HDS (Hébergeur de Données de Santé)."}]},{"type":"heading","attrs":{"level":2},"content":[{"type":"text","text":"Propriété intellectuelle"}]},{"type":"paragraph","content":[{"type":"text","text":"L''ensemble des contenus du site (textes, visuels, logos, interfaces, marque « MediCare Pro ») est protégé par le droit de la propriété intellectuelle. Toute reproduction, représentation ou diffusion, totale ou partielle, sans autorisation écrite préalable de l''éditeur est interdite et constitue une contrefaçon sanctionnée par le Code de la propriété intellectuelle."}]},{"type":"heading","attrs":{"level":2},"content":[{"type":"text","text":"Données personnelles"}]},{"type":"paragraph","content":[{"type":"text","text":"Les traitements de données personnelles réalisés via ce site sont décrits dans notre "},{"type":"text","marks":[{"type":"link","attrs":{"href":"/confidentialite"}}],"text":"politique de confidentialité"},{"type":"text","text":"."}]},{"type":"heading","attrs":{"level":2},"content":[{"type":"text","text":"Droit applicable"}]},{"type":"paragraph","content":[{"type":"text","text":"Le présent site est soumis au droit français. En cas de litige, et à défaut de résolution amiable, les tribunaux français seront seuls compétents."}]}]}}'::jsonb);

-- sections de /confidentialite
insert into public.page_sections (id, page_id, section_key, position, type, content) values
  ('bf8198da-0c68-5f9e-8881-990bcf32bf76', 'e6bbefcf-145b-522a-8288-0fec8643a1df', 'hero', 0, 'page_hero', '{"type":"page_hero","_v":1,"kicker":"Informations légales","title":"Politique de confidentialité","lead":"Comment nous collectons, utilisons et protégeons vos données personnelles, conformément au RGPD.","image":{"mediaId":null,"path":"/images/securite/podologue-medicarepro-servers-section1.jpg","alt":""}}'::jsonb),
  ('0931fc46-916f-510d-8c24-5a65547c83aa', 'e6bbefcf-145b-522a-8288-0fec8643a1df', 'body', 1, 'rich_text', '{"type":"rich_text","_v":1,"body":{"type":"doc","content":[{"type":"heading","attrs":{"level":2},"content":[{"type":"text","text":"1. Responsable du traitement"}]},{"type":"paragraph","content":[{"type":"text","text":"Le responsable du traitement des données collectées via le site medicarepro.fr est [À COMPLÉTER : raison sociale], [À COMPLÉTER : adresse du siège]. Contact : "},{"type":"text","marks":[{"type":"link","attrs":{"href":"mailto:contact@medicarepro.fr"}}],"text":"contact@medicarepro.fr"},{"type":"text","text":"."}]},{"type":"heading","attrs":{"level":2},"content":[{"type":"text","text":"2. Données collectées sur ce site"}]},{"type":"paragraph","content":[{"type":"text","text":"Le site vitrine collecte uniquement les données que vous nous transmettez volontairement via le formulaire de contact / demande de démonstration : nom, adresse email, numéro de téléphone, taille du cabinet et contenu de votre message."}]},{"type":"paragraph","content":[{"type":"text","text":"Le site vitrine ne collecte "},{"type":"text","marks":[{"type":"bold"}],"text":"aucune donnée de santé"},{"type":"text","text":". Les données de santé traitées par le logiciel MediCare Pro (application app.medicarepro.fr) font l''objet d''un traitement distinct, hébergé en France chez un hébergeur certifié HDS, et décrit dans les conditions propres à l''application."}]},{"type":"heading","attrs":{"level":2},"content":[{"type":"text","text":"3. Finalités et bases légales"}]},{"type":"bulletList","content":[{"type":"listItem","content":[{"type":"paragraph","content":[{"type":"text","text":"Répondre à vos demandes de contact et de démonstration — base légale : mesures précontractuelles (art. 6.1.b RGPD)."}]}]},{"type":"listItem","content":[{"type":"paragraph","content":[{"type":"text","text":"Gestion de la relation commerciale et prospection auprès de professionnels — base légale : intérêt légitime (art. 6.1.f RGPD)."}]}]}]},{"type":"heading","attrs":{"level":2},"content":[{"type":"text","text":"4. Durées de conservation"}]},{"type":"paragraph","content":[{"type":"text","text":"Les données issues du formulaire de contact sont conservées au maximum 3 ans à compter du dernier échange, puis supprimées ou anonymisées."}]},{"type":"heading","attrs":{"level":2},"content":[{"type":"text","text":"5. Destinataires et sous-traitants"}]},{"type":"paragraph","content":[{"type":"text","text":"Les données sont destinées exclusivement à l''équipe MediCare Pro. Elles sont hébergées en France par OVHcloud (OVH SAS, 2 rue Kellermann, 59100 Roubaix). Aucune donnée n''est vendue ni transférée hors de l''Union européenne."}]},{"type":"heading","attrs":{"level":2},"content":[{"type":"text","text":"6. Vos droits"}]},{"type":"paragraph","content":[{"type":"text","text":"Conformément au RGPD et à la loi Informatique et Libertés, vous disposez des droits d''accès, de rectification, d''effacement, de limitation, d''opposition et de portabilité sur vos données. Pour les exercer, écrivez-nous à "},{"type":"text","marks":[{"type":"link","attrs":{"href":"mailto:contact@medicarepro.fr"}}],"text":"contact@medicarepro.fr"},{"type":"text","text":". Vous pouvez également introduire une réclamation auprès de la CNIL ("},{"type":"text","marks":[{"type":"link","attrs":{"href":"https://www.cnil.fr","target":"_blank","rel":"noopener noreferrer"}}],"text":"www.cnil.fr"},{"type":"text","text":")."}]},{"type":"heading","attrs":{"level":2},"content":[{"type":"text","text":"7. Cookies"}]},{"type":"paragraph","content":[{"type":"text","text":"Le site n''utilise pas de cookies publicitaires ni de traceurs tiers. Seuls des cookies techniques strictement nécessaires au fonctionnement du site peuvent être déposés ; ils ne requièrent pas de consentement. Si des outils de mesure d''audience venaient à être ajoutés, cette politique serait mise à jour et votre consentement recueilli le cas échéant."}]},{"type":"heading","attrs":{"level":2},"content":[{"type":"text","text":"8. Sécurité"}]},{"type":"paragraph","content":[{"type":"text","text":"Nous mettons en œuvre des mesures techniques et organisationnelles adaptées : chiffrement des échanges (TLS), hébergement en France, contrôle des accès et sauvegardes régulières. Pour en savoir plus, consultez notre page "},{"type":"text","marks":[{"type":"link","attrs":{"href":"/securite"}}],"text":"Sécurité"},{"type":"text","text":"."}]},{"type":"paragraph","content":[{"type":"text","text":"Dernière mise à jour : [À COMPLÉTER : date]."}]}]}}'::jsonb);

-- --------------------------------------------------------------------------
-- posts — articles du blog (body = Tiptap, body_legacy = BlogSection[])
-- --------------------------------------------------------------------------

insert into public.posts (id, slug, title, excerpt, cover_media_id, cover_alt, status, published_at, reading_time_min, body, body_legacy, origin) values
  ('bd8b14d3-7c95-59c0-96b8-2424fb40f971', 'pied-diabetique-suivi', 'Pied du diabétique : les bons réflexes de suivi', 'Gradation du risque, monofilament, IPS, fréquence de suivi : les réflexes essentiels pour un suivi rigoureux du pied diabétique en cabinet.', 'db2cdb8f-b03b-571f-8106-475ed0141b2f', 'Examen podologique d''un pied diabétique en cabinet', 'published', '2026-06-12 09:00:00+02', 6, '{"type":"doc","content":[{"type":"paragraph","content":[{"type":"text","text":"Le pied diabétique reste l''une des complications les plus redoutées du diabète : on estime qu''un patient diabétique sur quatre développera une plaie du pied au cours de sa vie, et qu''une amputation liée au diabète survient toutes les vingt secondes dans le monde. Pourtant, la grande majorité de ces complications sont évitables grâce à un dépistage précoce et un suivi podologique structuré."}]},{"type":"paragraph","content":[{"type":"text","text":"Pour le pédicure-podologue, l''enjeu est double : identifier tôt les patients à risque grâce à une gradation rigoureuse, et assurer une traçabilité irréprochable du suivi dans le temps. Voici les réflexes essentiels à systématiser en cabinet."}]},{"type":"heading","attrs":{"level":2},"content":[{"type":"text","text":"La gradation du risque, socle du suivi"}]},{"type":"paragraph","content":[{"type":"text","text":"La classification internationale gradue le risque podologique de 0 à 3. Elle conditionne à la fois la fréquence de suivi recommandée et la prise en charge par l''Assurance Maladie des séances de prévention."}]},{"type":"bulletList","content":[{"type":"listItem","content":[{"type":"paragraph","content":[{"type":"text","text":"Grade 0 : absence de neuropathie sensitive — examen annuel de dépistage."}]}]},{"type":"listItem","content":[{"type":"paragraph","content":[{"type":"text","text":"Grade 1 : neuropathie sensitive isolée — bilan et surveillance au moins une fois par an."}]}]},{"type":"listItem","content":[{"type":"paragraph","content":[{"type":"text","text":"Grade 2 : neuropathie associée à une artériopathie ou une déformation du pied — suivi renforcé, séances de prévention prises en charge."}]}]},{"type":"listItem","content":[{"type":"paragraph","content":[{"type":"text","text":"Grade 3 : antécédent d''ulcération ou d''amputation — suivi rapproché et coordination étroite avec l''équipe de diabétologie."}]}]}]},{"type":"heading","attrs":{"level":2},"content":[{"type":"text","text":"Monofilament, IPS, pouls : le trio de l''examen"}]},{"type":"paragraph","content":[{"type":"text","text":"Le test au monofilament de 10 g reste l''examen de référence pour dépister la neuropathie sensitive. Appliqué sur des zones plantaires codifiées (pulpe du gros orteil, têtes métatarsiennes), il doit être réalisé dans le calme, en évitant les zones hyperkératosiques qui faussent la perception."}]},{"type":"paragraph","content":[{"type":"text","text":"L''évaluation vasculaire complète l''examen neurologique : palpation des pouls pédieux et tibiaux postérieurs, et mesure de l''IPS (index de pression systolique) lorsque l''artériopathie est suspectée. Un IPS inférieur à 0,9 oriente vers une artériopathie oblitérante des membres inférieurs et justifie un avis vasculaire."}]},{"type":"paragraph","content":[{"type":"text","text":"L''inspection cutanée et morphologique termine le bilan : hyperkératoses, fissures, mycoses, déformations (hallux valgus, orteils en griffe), points d''hyperappui — autant de portes d''entrée potentielles pour une plaie."}]},{"type":"heading","attrs":{"level":2},"content":[{"type":"text","text":"Éduquer le patient : l''auto-examen quotidien"}]},{"type":"paragraph","content":[{"type":"text","text":"Le meilleur suivi en cabinet ne remplace pas la vigilance quotidienne du patient. L''éducation thérapeutique fait partie intégrante de la consultation : inspection quotidienne des pieds (au besoin avec un miroir), séchage soigneux entre les orteils, chaussage adapté vérifié de la main avant l''enfilage, et consultation rapide au moindre signe d''alerte (rougeur, ampoule, plaie qui ne cicatrise pas)."}]},{"type":"paragraph","content":[{"type":"text","text":"Remettre au patient une fiche de conseils personnalisée, adaptée à son grade de risque, augmente sensiblement l''observance de ces gestes simples."}]},{"type":"heading","attrs":{"level":2},"content":[{"type":"text","text":"Tracer chaque bilan pour objectiver l''évolution"}]},{"type":"paragraph","content":[{"type":"text","text":"Le suivi du pied diabétique s''inscrit dans la durée : c''est la comparaison des bilans successifs qui révèle une dégradation débutante — perte progressive de sensibilité, baisse de l''IPS, apparition d''une déformation. Un bilan normé, daté et rattaché au dossier patient est donc indispensable."}]},{"type":"paragraph","content":[{"type":"text","text":"C''est précisément ce que propose MediCare Pro : un bilan du pied diabétique de plus de 45 champs guidés, avec calcul automatique du grade de risque, recommandations générées et comparaison d''une consultation à l''autre. Le podologue se concentre sur l''examen clinique, l''application s''occupe du score et de la traçabilité."}]}]}'::jsonb, '[{"paragraphs":["Le pied diabétique reste l''une des complications les plus redoutées du diabète : on estime qu''un patient diabétique sur quatre développera une plaie du pied au cours de sa vie, et qu''une amputation liée au diabète survient toutes les vingt secondes dans le monde. Pourtant, la grande majorité de ces complications sont évitables grâce à un dépistage précoce et un suivi podologique structuré.","Pour le pédicure-podologue, l''enjeu est double : identifier tôt les patients à risque grâce à une gradation rigoureuse, et assurer une traçabilité irréprochable du suivi dans le temps. Voici les réflexes essentiels à systématiser en cabinet."]},{"heading":"La gradation du risque, socle du suivi","paragraphs":["La classification internationale gradue le risque podologique de 0 à 3. Elle conditionne à la fois la fréquence de suivi recommandée et la prise en charge par l''Assurance Maladie des séances de prévention."],"list":["Grade 0 : absence de neuropathie sensitive — examen annuel de dépistage.","Grade 1 : neuropathie sensitive isolée — bilan et surveillance au moins une fois par an.","Grade 2 : neuropathie associée à une artériopathie ou une déformation du pied — suivi renforcé, séances de prévention prises en charge.","Grade 3 : antécédent d''ulcération ou d''amputation — suivi rapproché et coordination étroite avec l''équipe de diabétologie."]},{"heading":"Monofilament, IPS, pouls : le trio de l''examen","paragraphs":["Le test au monofilament de 10 g reste l''examen de référence pour dépister la neuropathie sensitive. Appliqué sur des zones plantaires codifiées (pulpe du gros orteil, têtes métatarsiennes), il doit être réalisé dans le calme, en évitant les zones hyperkératosiques qui faussent la perception.","L''évaluation vasculaire complète l''examen neurologique : palpation des pouls pédieux et tibiaux postérieurs, et mesure de l''IPS (index de pression systolique) lorsque l''artériopathie est suspectée. Un IPS inférieur à 0,9 oriente vers une artériopathie oblitérante des membres inférieurs et justifie un avis vasculaire.","L''inspection cutanée et morphologique termine le bilan : hyperkératoses, fissures, mycoses, déformations (hallux valgus, orteils en griffe), points d''hyperappui — autant de portes d''entrée potentielles pour une plaie."]},{"heading":"Éduquer le patient : l''auto-examen quotidien","paragraphs":["Le meilleur suivi en cabinet ne remplace pas la vigilance quotidienne du patient. L''éducation thérapeutique fait partie intégrante de la consultation : inspection quotidienne des pieds (au besoin avec un miroir), séchage soigneux entre les orteils, chaussage adapté vérifié de la main avant l''enfilage, et consultation rapide au moindre signe d''alerte (rougeur, ampoule, plaie qui ne cicatrise pas).","Remettre au patient une fiche de conseils personnalisée, adaptée à son grade de risque, augmente sensiblement l''observance de ces gestes simples."]},{"heading":"Tracer chaque bilan pour objectiver l''évolution","paragraphs":["Le suivi du pied diabétique s''inscrit dans la durée : c''est la comparaison des bilans successifs qui révèle une dégradation débutante — perte progressive de sensibilité, baisse de l''IPS, apparition d''une déformation. Un bilan normé, daté et rattaché au dossier patient est donc indispensable.","C''est précisément ce que propose MediCare Pro : un bilan du pied diabétique de plus de 45 champs guidés, avec calcul automatique du grade de risque, recommandations générées et comparaison d''une consultation à l''autre. Le podologue se concentre sur l''examen clinique, l''application s''occupe du score et de la traçabilité."]}]'::jsonb, 'manual'),
  ('a1031fb0-b93c-53e4-a77a-3ddf54d54d56', 'bien-choisir-ortheses-plantaires', 'Bien choisir ses orthèses plantaires', 'Indications, examen préalable, matériaux et suivi : la démarche complète pour concevoir des orthèses plantaires réellement efficaces.', '81fd8f00-c9fc-580a-93c6-73f9812f7c94', 'Orthèses plantaires sur mesure en cours de fabrication', 'published', '2026-06-05 09:00:00+02', 5, '{"type":"doc","content":[{"type":"paragraph","content":[{"type":"text","text":"L''orthèse plantaire est l''un des outils thérapeutiques majeurs du pédicure-podologue. Bien indiquée et bien conçue, elle soulage les douleurs, corrige ou compense un trouble statique et prévient les récidives. Mal indiquée, elle déçoit le patient et discrédite le traitement."}]},{"type":"paragraph","content":[{"type":"text","text":"La différence se joue rarement sur le matériau seul : elle se joue sur la rigueur de l''examen clinique préalable et sur la qualité du suivi. Retour sur la démarche complète."}]},{"type":"heading","attrs":{"level":2},"content":[{"type":"text","text":"Tout part de l''examen clinique"}]},{"type":"paragraph","content":[{"type":"text","text":"Avant de penser correction, il faut objectiver le trouble. L''examen statique évalue les appuis, l''alignement de l''arrière-pied, la hauteur de l''arche médiale et les éventuelles inégalités de longueur des membres inférieurs. L''examen dynamique analyse le déroulé du pas : phase taligrade, plantigrade, digitigrade, comportement de l''arrière-pied en charge."}]},{"type":"paragraph","content":[{"type":"text","text":"Les tests spécifiques complètent l''analyse — mobilité de la première colonne, test de Jack, examen articulaire de la cheville et de la sous-talienne. Ce bilan initial, consigné précisément, servira de référence pour mesurer l''efficacité de l''appareillage."}]},{"type":"heading","attrs":{"level":2},"content":[{"type":"text","text":"Corriger, compenser ou amortir : trois logiques"}]},{"type":"paragraph","content":[{"type":"text","text":"Le choix de l''orthèse découle de l''objectif thérapeutique. On distingue schématiquement trois logiques, souvent combinées :"}]},{"type":"bulletList","content":[{"type":"listItem","content":[{"type":"paragraph","content":[{"type":"text","text":"Correction : réaligner une articulation réductible (ex. contrôle du valgus calcanéen chez un pied plat souple)."}]}]},{"type":"listItem","content":[{"type":"paragraph","content":[{"type":"text","text":"Compensation : accommoder une déformation fixée ou une inégalité de longueur, en répartissant les contraintes."}]}]},{"type":"listItem","content":[{"type":"paragraph","content":[{"type":"text","text":"Amortissement et décharge : soulager une zone d''hyperappui douloureuse (métatarsalgies, talalgies) par des matériaux absorbants et des évidements ciblés."}]}]}]},{"type":"heading","attrs":{"level":2},"content":[{"type":"text","text":"Matériaux et fabrication : adapter au patient, pas l''inverse"}]},{"type":"paragraph","content":[{"type":"text","text":"Résines thermoformables, EVA de différentes densités, éléments collés sur support : chaque technique a ses indications. Un sportif recherchera dynamisme et faible encombrement dans la chaussure ; un patient âgé ou diabétique privilégiera l''accommodation et la protection cutanée ; un enfant nécessitera un appareillage évolutif, réévalué à chaque poussée de croissance."}]},{"type":"paragraph","content":[{"type":"text","text":"Le chaussage du patient fait partie intégrante de la prescription : la meilleure orthèse du monde ne corrige rien dans une chaussure inadaptée. Ce point mérite d''être abordé explicitement en consultation."}]},{"type":"heading","attrs":{"level":2},"content":[{"type":"text","text":"Le suivi, clé de l''efficacité"}]},{"type":"paragraph","content":[{"type":"text","text":"Une orthèse se contrôle : à un mois pour vérifier la tolérance et l''adaptation, puis à chaque renouvellement (en général tous les ans, plus fréquemment chez l''enfant). La comparaison avec le bilan initial objectivera les progrès — diminution de la douleur, amélioration du déroulé du pas — et orientera les ajustements."}]},{"type":"paragraph","content":[{"type":"text","text":"Avec MediCare Pro, l''examen morphostatique, les tests dynamiques et les prescriptions d''orthèses sont consignés dans des bilans normés rattachés au dossier patient. À chaque contrôle, le podologue compare les évaluations en un clin d''œil, et la facturation de l''appareillage est générée automatiquement."}]}]}'::jsonb, '[{"paragraphs":["L''orthèse plantaire est l''un des outils thérapeutiques majeurs du pédicure-podologue. Bien indiquée et bien conçue, elle soulage les douleurs, corrige ou compense un trouble statique et prévient les récidives. Mal indiquée, elle déçoit le patient et discrédite le traitement.","La différence se joue rarement sur le matériau seul : elle se joue sur la rigueur de l''examen clinique préalable et sur la qualité du suivi. Retour sur la démarche complète."]},{"heading":"Tout part de l''examen clinique","paragraphs":["Avant de penser correction, il faut objectiver le trouble. L''examen statique évalue les appuis, l''alignement de l''arrière-pied, la hauteur de l''arche médiale et les éventuelles inégalités de longueur des membres inférieurs. L''examen dynamique analyse le déroulé du pas : phase taligrade, plantigrade, digitigrade, comportement de l''arrière-pied en charge.","Les tests spécifiques complètent l''analyse — mobilité de la première colonne, test de Jack, examen articulaire de la cheville et de la sous-talienne. Ce bilan initial, consigné précisément, servira de référence pour mesurer l''efficacité de l''appareillage."]},{"heading":"Corriger, compenser ou amortir : trois logiques","paragraphs":["Le choix de l''orthèse découle de l''objectif thérapeutique. On distingue schématiquement trois logiques, souvent combinées :"],"list":["Correction : réaligner une articulation réductible (ex. contrôle du valgus calcanéen chez un pied plat souple).","Compensation : accommoder une déformation fixée ou une inégalité de longueur, en répartissant les contraintes.","Amortissement et décharge : soulager une zone d''hyperappui douloureuse (métatarsalgies, talalgies) par des matériaux absorbants et des évidements ciblés."]},{"heading":"Matériaux et fabrication : adapter au patient, pas l''inverse","paragraphs":["Résines thermoformables, EVA de différentes densités, éléments collés sur support : chaque technique a ses indications. Un sportif recherchera dynamisme et faible encombrement dans la chaussure ; un patient âgé ou diabétique privilégiera l''accommodation et la protection cutanée ; un enfant nécessitera un appareillage évolutif, réévalué à chaque poussée de croissance.","Le chaussage du patient fait partie intégrante de la prescription : la meilleure orthèse du monde ne corrige rien dans une chaussure inadaptée. Ce point mérite d''être abordé explicitement en consultation."]},{"heading":"Le suivi, clé de l''efficacité","paragraphs":["Une orthèse se contrôle : à un mois pour vérifier la tolérance et l''adaptation, puis à chaque renouvellement (en général tous les ans, plus fréquemment chez l''enfant). La comparaison avec le bilan initial objectivera les progrès — diminution de la douleur, amélioration du déroulé du pas — et orientera les ajustements.","Avec MediCare Pro, l''examen morphostatique, les tests dynamiques et les prescriptions d''orthèses sont consignés dans des bilans normés rattachés au dossier patient. À chaque contrôle, le podologue compare les évaluations en un clin d''œil, et la facturation de l''appareillage est générée automatiquement."]}]'::jsonb, 'manual'),
  ('75cbf4bf-8897-5855-9883-79e19c12cdf3', 'posturologie-comprendre-le-bilan', 'Posturologie : comprendre le bilan', 'Capteurs posturaux, Romberg, Fukuda, convergence oculaire : ce que mesure réellement un bilan postural et comment l''interpréter.', '2914496a-5519-5fcc-bfdb-23d22896c2ea', 'Bilan postural d''un patient en cabinet de podologie', 'published', '2026-05-28 09:00:00+02', 6, '{"type":"doc","content":[{"type":"paragraph","content":[{"type":"text","text":"La posturologie étudie la façon dont le corps se stabilise debout, en intégrant les informations de plusieurs « capteurs » : le pied, l''œil, l''appareil manducateur (ATM), la peau et l''oreille interne. Lorsqu''un de ces capteurs délivre une information erronée, le système postural compense — parfois au prix de douleurs chroniques : lombalgies, cervicalgies, tendinopathies récidivantes."}]},{"type":"paragraph","content":[{"type":"text","text":"Le pédicure-podologue, spécialiste du capteur podal, est souvent en première ligne pour dépister un syndrome de déficience posturale. Encore faut-il un bilan structuré et reproductible. Voici ce qu''il doit contenir."}]},{"type":"heading","attrs":{"level":2},"content":[{"type":"text","text":"L''interrogatoire : chercher les signes d''appel"}]},{"type":"paragraph","content":[{"type":"text","text":"Douleurs rachidiennes chroniques sans cause retrouvée, instabilité, chutes à répétition, fatigue visuelle, céphalées, bruxisme : le faisceau d''arguments cliniques oriente vers une origine posturale. L''historique des traitements (orthèses antérieures, orthodontie, rééducation orthoptique) complète le tableau et guide l''examen."}]},{"type":"heading","attrs":{"level":2},"content":[{"type":"text","text":"Les tests posturaux de référence"}]},{"type":"paragraph","content":[{"type":"text","text":"Le bilan postural s''appuie sur une batterie de tests standardisés, réalisés dans des conditions reproductibles (même éclairage, mêmes consignes, pieds nus) :"}]},{"type":"bulletList","content":[{"type":"listItem","content":[{"type":"paragraph","content":[{"type":"text","text":"Test de Romberg postural : oscillations et déviations du corps, yeux ouverts puis fermés — il oriente vers l''origine du trouble (visuelle, podale, vestibulaire)."}]}]},{"type":"listItem","content":[{"type":"paragraph","content":[{"type":"text","text":"Test de piétinement de Fukuda : 50 pas sur place, yeux fermés ; une rotation supérieure à 30° signe une asymétrie tonique."}]}]},{"type":"listItem","content":[{"type":"paragraph","content":[{"type":"text","text":"Appui unipodal : stabilité comparée droite/gauche, indicateur simple et sensible."}]}]},{"type":"listItem","content":[{"type":"paragraph","content":[{"type":"text","text":"Convergence oculaire : un défaut de convergence est l''une des causes les plus fréquentes de trouble postural — il justifie un adressage orthoptique."}]}]},{"type":"listItem","content":[{"type":"paragraph","content":[{"type":"text","text":"Examen de l''ATM : ouverture buccale, déviations, claquements — en lien avec l''occlusion dentaire."}]}]}]},{"type":"heading","attrs":{"level":2},"content":[{"type":"text","text":"Interpréter : hiérarchiser les capteurs"}]},{"type":"paragraph","content":[{"type":"text","text":"L''objectif du bilan n''est pas d''accumuler les tests, mais de hiérarchiser : le capteur podal est-il causal, adaptatif ou mixte ? Les manœuvres de neutralisation (mousse sous les pieds, yeux fermés) permettent de faire la part des choses. Un trouble postural d''origine podale répondra aux orthèses posturales à éléments fins ; un trouble d''origine oculaire relève d''abord de l''orthoptiste, en coordination avec le podologue."}]},{"type":"paragraph","content":[{"type":"text","text":"Cette démarche pluridisciplinaire est la marque d''une posturologie sérieuse : le podologue traite ce qui relève du pied, et adresse ce qui n''en relève pas."}]},{"type":"heading","attrs":{"level":2},"content":[{"type":"text","text":"Un bilan normé pour un suivi objectif"}]},{"type":"paragraph","content":[{"type":"text","text":"La difficulté classique du bilan postural est sa reproductibilité : sans grille standardisée, difficile de comparer deux évaluations à six mois d''intervalle et d''objectiver l''effet des orthèses posturales."}]},{"type":"paragraph","content":[{"type":"text","text":"MediCare Pro intègre une grille posturale validée, prête à l''emploi : Romberg, Fukuda, appui unipodal, convergence, ATM et capteurs y sont consignés de façon structurée, avec un suivi comparatif automatique d''une consultation à l''autre. Le praticien gagne du temps de saisie et fiabilise son suivi."}]}]}'::jsonb, '[{"paragraphs":["La posturologie étudie la façon dont le corps se stabilise debout, en intégrant les informations de plusieurs « capteurs » : le pied, l''œil, l''appareil manducateur (ATM), la peau et l''oreille interne. Lorsqu''un de ces capteurs délivre une information erronée, le système postural compense — parfois au prix de douleurs chroniques : lombalgies, cervicalgies, tendinopathies récidivantes.","Le pédicure-podologue, spécialiste du capteur podal, est souvent en première ligne pour dépister un syndrome de déficience posturale. Encore faut-il un bilan structuré et reproductible. Voici ce qu''il doit contenir."]},{"heading":"L''interrogatoire : chercher les signes d''appel","paragraphs":["Douleurs rachidiennes chroniques sans cause retrouvée, instabilité, chutes à répétition, fatigue visuelle, céphalées, bruxisme : le faisceau d''arguments cliniques oriente vers une origine posturale. L''historique des traitements (orthèses antérieures, orthodontie, rééducation orthoptique) complète le tableau et guide l''examen."]},{"heading":"Les tests posturaux de référence","paragraphs":["Le bilan postural s''appuie sur une batterie de tests standardisés, réalisés dans des conditions reproductibles (même éclairage, mêmes consignes, pieds nus) :"],"list":["Test de Romberg postural : oscillations et déviations du corps, yeux ouverts puis fermés — il oriente vers l''origine du trouble (visuelle, podale, vestibulaire).","Test de piétinement de Fukuda : 50 pas sur place, yeux fermés ; une rotation supérieure à 30° signe une asymétrie tonique.","Appui unipodal : stabilité comparée droite/gauche, indicateur simple et sensible.","Convergence oculaire : un défaut de convergence est l''une des causes les plus fréquentes de trouble postural — il justifie un adressage orthoptique.","Examen de l''ATM : ouverture buccale, déviations, claquements — en lien avec l''occlusion dentaire."]},{"heading":"Interpréter : hiérarchiser les capteurs","paragraphs":["L''objectif du bilan n''est pas d''accumuler les tests, mais de hiérarchiser : le capteur podal est-il causal, adaptatif ou mixte ? Les manœuvres de neutralisation (mousse sous les pieds, yeux fermés) permettent de faire la part des choses. Un trouble postural d''origine podale répondra aux orthèses posturales à éléments fins ; un trouble d''origine oculaire relève d''abord de l''orthoptiste, en coordination avec le podologue.","Cette démarche pluridisciplinaire est la marque d''une posturologie sérieuse : le podologue traite ce qui relève du pied, et adresse ce qui n''en relève pas."]},{"heading":"Un bilan normé pour un suivi objectif","paragraphs":["La difficulté classique du bilan postural est sa reproductibilité : sans grille standardisée, difficile de comparer deux évaluations à six mois d''intervalle et d''objectiver l''effet des orthèses posturales.","MediCare Pro intègre une grille posturale validée, prête à l''emploi : Romberg, Fukuda, appui unipodal, convergence, ATM et capteurs y sont consignés de façon structurée, avec un suivi comparatif automatique d''une consultation à l''autre. Le praticien gagne du temps de saisie et fiabilise son suivi."]}]'::jsonb, 'manual');

-- --------------------------------------------------------------------------
-- collections — testimonials, faq_items, pricing_plans, pricing_examples, feature_items
-- --------------------------------------------------------------------------

insert into public.testimonials (id, name, role, avatar_media_id, avatar_path, quote, rating, position, published) values
  ('bff638da-ef53-53c8-9064-3ebd314984d1', 'Camille Besson', 'Podologue · Lyon', '626cb9d7-8b11-521f-9e23-bbae442c11c4', '/images/avatars/av1.jpg', 'J''ai enfin un seul outil pour tout : dossiers, bilans, factures. La facturation automatisée me fait gagner un temps fou, et savoir que tout est hébergé en HDS me rassure vraiment.', 5, 0, true),
  ('8256dabd-91d9-5a6f-8b2b-94a94687ca49', 'Antoine Rivière', 'Pédicure-podologue · Bordeaux', 'cbe99ae6-cfc8-51ba-990f-7090c1010793', '/images/avatars/av2.jpg', 'La signature électronique et la comptabilité intégrée ont supprimé mes allers-retours entre logiciels. Tout est centralisé, c''est limpide.', 5, 1, true),
  ('12938816-c0ab-596a-930d-4aaf1c6c1f7b', 'Sarah Lemoine', 'Podologue · Lille', '73881169-7986-53e4-97e5-907b1a7b16f9', '/images/avatars/av3.jpg', 'Les bilans avec scores calculés automatiquement sont un vrai plus pour le suivi. Et le prix unique sans option cachée, ça change tout.', 5, 2, true),
  ('70cee413-e89c-53d1-8aa3-f21f5a24f5d1', 'Julien Moreau', 'Podologue · Nantes', '78001ee3-0562-52c0-976a-da910b86bc04', '/images/avatars/av4.jpg', 'Je suis passé de quatre logiciels à un seul. Mes soirées de paperasse ont tout simplement disparu.', 5, 3, true),
  ('e72a7708-94ff-5beb-b635-b245457a3605', 'Léa Fontaine', 'Pédicure-podologue · Toulouse', 'ebfe27fb-c88a-55c3-a90d-f032dd4934fc', '/images/avatars/av5.jpg', 'L''agenda en ligne a divisé mes appels par deux : les patients réservent seuls, je me concentre sur les soins.', 5, 4, true),
  ('ffb073b5-4399-5744-8d8d-a30aa340737e', 'Marc Dubois', 'Podologue · Strasbourg', '9104222b-b55a-56b3-acea-0cc93ff0232d', '/images/avatars/av6.jpg', 'Hébergement HDS en France et prix unique transparent : exactement ce que je cherchais pour mon cabinet.', 5, 5, true);

insert into public.faq_items (id, question, answer, context, position, published) values
  ('be1d9491-ad76-59cf-9748-83bbb19ad1ac', 'Mes données patients sont-elles sécurisées ?', 'Oui. Hébergement certifié HDS en France, chiffrement complet, authentification forte et sauvegardes quotidiennes.', 'global', 0, true),
  ('8c101082-8bee-5999-bde5-a6d0b1c34397', 'Y a-t-il un engagement ?', 'L''offre Sans Engagement est résiliable à tout moment (préavis 15 jours). L''offre 12 mois ferme vous fait économiser environ 17 % (soit 60,48 €/an).', 'global', 1, true),
  ('99369fa4-e534-5876-9cd6-fde890d0c59d', 'Puis-je migrer depuis mon ancien logiciel ?', 'Oui, nous vous accompagnons dans la reprise et l''import de vos données existantes.', 'global', 2, true),
  ('c8ccb735-e695-5889-b021-f3a686fb41e5', 'Le logiciel fonctionne-t-il sur mobile ?', 'Oui, via une application PWA installable sur mobile et tablette, accessible partout.', 'global', 3, true),
  ('219cac27-298c-5164-90e4-17cdf69cde78', 'Y a-t-il des options payantes cachées ?', 'Non, tout est inclus. Seul un collaborateur supplémentaire (praticien) est facturé +15,00 € TTC/mois. Le service secrétariat (planning + admin) est gratuit.', 'global', 4, true);

insert into public.pricing_plans (id, plan_key, name, sub, price, unit, secondary, featured, badge, cta_label, features, position, published) values
  ('f2b6cd71-a895-5434-9588-3e7a5096db6e', 'monthly', 'Sans engagement', 'Liberté totale', 29.88, 'TTC/mois', 'soit 24,90 € HT/mois', false, null, 'Choisir cette offre', '[{"label":"Toutes les fonctionnalités incluses"},{"label":"1 praticien titulaire inclus"},{"label":"Résiliable à tout moment (préavis 15 jours)"},{"label":"Service secrétariat inclus (gratuit)"},{"label":"+15,00 € TTC/mois par collaborateur"},{"label":"Mises à jour incluses"}]'::jsonb, 0, true),
  ('e35e26ce-b611-5c05-90d9-f98305bf358b', 'annual', 'Offre 12 mois', 'Engagement 12 mois ferme', 24.84, 'TTC/mois', 'soit 20,70 € HT/mois — 298,08 € TTC/an', true, '−17 % recommandé', 'Choisir cette offre', '[{"label":"Toutes les fonctionnalités incluses"},{"label":"1 praticien titulaire inclus"},{"label":"Économisez 60,48 €/an","highlight":true},{"label":"Service secrétariat inclus (gratuit)"},{"label":"+15,00 € TTC/mois par collaborateur"},{"label":"Mises à jour incluses"}]'::jsonb, 1, true);

insert into public.pricing_examples (id, config, monthly, yearly, position) values
  ('d0a1efae-29ca-5c29-932d-4854147ad77e', '1 praticien', 29.88, 24.84, 0),
  ('98e28cdb-1bcc-539b-b4a2-e30d723bb409', '1 prat. + 1 collaborateur', 44.88, 39.84, 1),
  ('1eee7923-bc0f-5704-ab0d-a7746bf2f0dd', '1 prat. + 2 collaborateurs', 59.88, 54.84, 2);

insert into public.feature_items (id, collection, icon, kicker, title, text, points, mockup, href, href_label, position, published) values
  ('885197e6-bd64-55e7-b653-4661800fe938', 'features', 'Invoice', 'Facturation', 'Facturation 100 % automatique', 'Vos factures sont générées automatiquement à chaque acte. Numérotation légale, TVA, mentions obligatoires et envoi au patient. Zéro ressaisie, zéro oubli.', '["Génération auto à la consultation","Numérotation séquentielle conforme","Relances et suivi des impayés","Export comptable en un clic"]'::jsonb, 'invoice', null, null, 0, true),
  ('0730d516-e37b-5c09-b985-c915476fb478', 'features', 'Signature', 'Signature', 'Signature électronique eIDAS', 'Faites signer consentements et documents avec une signature électronique à valeur juridique (règlement eIDAS). Horodatée, archivée et opposable.', '["Valeur juridique (eIDAS)","Horodatage certifié","Archivage à valeur probante","Signature à distance"]'::jsonb, 'signature', null, null, 1, true),
  ('e6091342-6a65-5b4a-a4e9-f71dd7366115', 'features', 'Calculator', 'Comptabilité', 'Comptabilité : remplacez votre comptable', 'Tenez votre comptabilité sans expert. Export FEC, CSV et PDF, plan comptable général (PCG) mappé automatiquement, journaux et grand livre prêts pour votre AGA.', '["Export FEC, CSV et PDF","Mapping PCG automatique","Journaux & grand livre","Capitaux propres en temps réel"]'::jsonb, 'accounting', null, null, 2, true),
  ('e5ced570-26b0-5d8a-9bbd-e70c9b66548a', 'features', 'Calendar', 'Agenda', 'Agenda intégré : fini Doctolib à 150 €/mois', 'Un agenda complet inclus : prise de rendez-vous en ligne, rappels email et SMS automatiques (J-7, J-2), synchronisation et gestion multi-praticien.', '["Prise de RDV en ligne","Rappels email / SMS (J-7, J-2)","Moins de rendez-vous manqués","Inclus, sans surcoût"]'::jsonb, 'agenda', null, null, 3, true),
  ('bd3d392d-97a6-5d41-b815-3058d5b36b62', 'features', 'FileText', 'Bilans', '13 bilans podologiques normés', 'Des bilans cliniques complets avec scores calculés automatiquement, grilles validées et recommandations : diabétique, chutes, posturologie, pédiatrie, sport…', '["Scores calculés automatiquement","Grilles cliniques validées","Recommandations intégrées","13 bilans spécialisés inclus"]'::jsonb, 'bilan', '/bilans', 'Découvrir les 13 bilans', 4, true),
  ('0e2bf535-daaa-54be-9fd2-c5a4ce5ae30d', 'features', 'Smartphone', 'Mobilité', 'App mobile (PWA) + scan de documents', 'Installez MediCare Pro sur mobile et tablette (PWA) et travaillez partout. Auto-sauvegarde en temps réel et scan de documents directement à la caméra.', '["Installable (PWA)","Auto-sauvegarde temps réel","Scan caméra / webcam","Accessible partout"]'::jsonb, 'pwa', null, null, 5, true),
  ('71317772-1629-51b9-b8be-a396f96fafd8', 'features', 'ShieldPlus', 'SESAM-Vitale', 'Carte Vitale & télétransmission', 'Lisez la carte Vitale et l''ApCV, sécurisez l''identité du patient et préparez la télétransmission. Solution agréée CNDA, intégrée à votre flux de soins.', '["Lecture carte Vitale & ApCV","Agrément CNDA","Identité patient sécurisée","Prêt pour la télétransmission"]'::jsonb, 'vitale', null, null, 6, true),
  ('117ec521-6810-565d-a953-0bc54e07250c', 'features', 'Star', 'Intelligence artificielle', 'Comptes-rendus assistés par IA', 'Dictez ou saisissez vos observations, l''IA rédige un compte-rendu clair et structuré en quelques secondes. Vous gardez la main, vous gagnez du temps.', '["Rédaction automatique structurée","Gain de temps à chaque consultation","Vous validez et ajustez","Données de santé protégées"]'::jsonb, 'ai', null, null, 7, true),
  ('4468e6fe-aca0-5916-ae40-2352e0828a77', 'features', 'Users', 'Portail patient', 'Un espace dédié à vos patients', 'Vos patients prennent rendez-vous en ligne, accèdent à leurs documents et échangent avec vous en toute sécurité, depuis leur propre espace.', '["Prise de rendez-vous en ligne","Accès aux documents","Messagerie sécurisée","Moins d''appels au cabinet"]'::jsonb, 'portal', null, null, 8, true),
  ('a0032270-fad9-5f4f-afc4-89b7bc1251d5', 'features', 'Monitor', 'Pilotage', 'Statistiques, traçabilité & multi-cabinet', 'Pilotez votre activité avec des statistiques claires, assurez la traçabilité (matériovigilance) et gérez plusieurs cabinets et collaborateurs depuis un seul compte.', '["Tableau de bord statistiques","Traçabilité & matériovigilance","Multi-cabinet & collaborateurs","Vue d''ensemble en temps réel"]'::jsonb, 'stats', null, null, 9, true),
  ('9b55cfad-fb87-5c34-9c97-ff52b39e99d1', 'bilans', 'ShieldPlus', 'Le plus complet', 'Le bilan du pied diabétique, complet', 'Plus de 45 champs guidés : monofilament, IPS, gradation du risque (0-3), auto-examen et recommandations. Le grade de risque est calculé automatiquement pour sécuriser votre suivi et tracer chaque évaluation.', '["Grade de risque (0-3) calculé automatiquement","Monofilament, IPS et pouls intégrés","Auto-examen et conseils patient générés","Comparaison du suivi dans le temps"]'::jsonb, 'bilan', null, null, 0, true),
  ('520e3fca-3e8c-5374-abf8-43d6d5abf30b', 'bilans', 'Star', 'Prévention', 'Évaluez le risque de chute en quelques clics', '7+ critères de risque, TUG, test unipodal, chair stand test : l''application classe automatiquement le niveau de risque pour orienter votre prise en charge et repérer tôt les patients fragiles.', '["7+ critères de risque pondérés","TUG, test unipodal & chair stand test","Classification automatique du risque","Repérage précoce des patients fragiles"]'::jsonb, 'bilanChute', null, null, 1, true),
  ('b1afdae7-74e3-57d2-aacd-f6000ebbf2d4', 'bilans', 'FileText', 'Grille validée', 'Une grille posturale validée, prête à l''emploi', 'Romberg, test unipodal, TUG, Fukuda, convergence oculaire, ATM, capteurs posturaux : tous les items normés réunis dans une interface claire, sans ressaisie, rattachés au dossier patient.', '["Tous les items normés réunis","Capteurs posturaux & ATM","Convergence oculaire & oculomotricité","Saisie guidée, sans ressaisie"]'::jsonb, 'bilanPosturo', null, null, 2, true);

-- --------------------------------------------------------------------------
-- menus + site_settings
-- --------------------------------------------------------------------------

insert into public.menus (key, items) values
  ('header', '[{"label":"Accueil","href":"/"},{"label":"Fonctionnalités","href":"/fonctionnalites","children":[{"label":"Bilans","href":"/bilans"},{"label":"Sécurité","href":"/securite"},{"label":"Avantages","href":"/avantages"}]},{"label":"Tarifs","href":"/tarifs"},{"label":"Blog","href":"/blog"},{"label":"À propos","href":"/a-propos"},{"label":"Contact","href":"/contact"}]'::jsonb),
  ('footer_product', '[{"label":"Fonctionnalités","href":"/fonctionnalites"},{"label":"Bilans","href":"/bilans"},{"label":"Sécurité","href":"/securite"},{"label":"Avantages","href":"/avantages"},{"label":"Tarifs","href":"/tarifs"},{"label":"Contact","href":"/contact"}]'::jsonb),
  ('footer_resources', '[{"label":"À propos","href":"/a-propos"},{"label":"Blog","href":"/blog"},{"label":"FAQ","href":"/tarifs"},{"label":"Confidentialité","href":"/confidentialite"},{"label":"CGU","href":"/cgu"},{"label":"Mentions légales","href":"/mentions-legales"}]'::jsonb);

insert into public.site_settings (key, value, is_public) values
  ('contact', '{"phone":"01 23 45 67 89","phoneHref":"tel:+33123456789","email":"contact@medicarepro.fr","address":"12 rue de la Santé, 75000 Paris"}'::jsonb, true),
  ('socials', '[{"label":"Facebook","icon":"Facebook","href":"#"},{"label":"LinkedIn","icon":"LinkedIn","href":"#"},{"label":"X","icon":"XSocial","href":"#"},{"label":"Instagram","icon":"Instagram","href":"#"}]'::jsonb, true),
  ('header', '{"logoLabel":"MediCare Pro","loginLabel":"Connexion","drawer":{"title":"Votre partenaire pour la\nsanté du cabinet","followLabel":"Suivez-nous","socials":[{"label":"Facebook","icon":"Facebook","href":"#"},{"label":"LinkedIn","icon":"LinkedIn","href":"#"},{"label":"Instagram","icon":"Instagram","href":"#"}]}}'::jsonb, true),
  ('footer', '{"tagline":"Le logiciel tout-en-un des podologues : dossiers patients, bilans, facturation, agenda et comptabilité réunis au même endroit.","productHeading":"Produit","resourcesHeading":"Ressources","newsletter":{"heading":"Restez informé","text":"Conseils et nouveautés pour votre cabinet, une fois par mois.","placeholder":"vous@email.com","inputLabel":"Votre adresse email","buttonLabel":"Envoyer"},"badges":[{"icon":null,"label":"Hébergé en France · HDS"},{"icon":"ShieldCheck","label":"RGPD · Données chiffrées"}],"copyright":"© 2026 MediCare Pro. Tous droits réservés.","followLabel":"Suivez-nous"}'::jsonb, true),
  ('sideTabs', '{"review":{"label":"Laissez un avis","href":"#","icon":"Star"},"subscribe":{"label":"Je m''abonne","href":"app:register","icon":"ShieldPlus"}}'::jsonb, true),
  ('rating', '{"value":"4,9/5","label":"note moyenne · podologues abonnés"}'::jsonb, true),
  ('jsonld_org', '{"@type":"Organization","@id":"https://medicarepro.fr/#organization","name":"MediCare Pro","url":"https://medicarepro.fr","email":"contact@medicarepro.fr","description":"Éditeur du logiciel MediCare Pro, solution tout-en-un de gestion de cabinet pour pédicures-podologues."}'::jsonb, true),
  ('jsonld_software', '{"@type":"SoftwareApplication","@id":"https://medicarepro.fr/#software","name":"MediCare Pro","applicationCategory":"BusinessApplication","operatingSystem":"Web","url":"https://medicarepro.fr","description":"Logiciel de gestion de cabinet pour podologues : dossiers patients, facturation automatique, agenda, 13 bilans podologiques, comptabilité et signature électronique. Hébergement HDS en France.","offers":{"@type":"Offer","price":"24.84","priceCurrency":"EUR","description":"Abonnement mensuel TTC (offre 12 mois), tout inclus."},"publisher":{"@id":"https://medicarepro.fr/#organization"},"inLanguage":"fr-FR"}'::jsonb, true),
  ('legal_entity', '{"raison_sociale":"","siret":"","tva":"","directeur":"","adresse":"","date_maj_cgu":"","date_maj_confidentialite":"","date_maj_mentions":""}'::jsonb, true);

-- --------------------------------------------------------------------------
-- seo_meta — défauts par route + articles du blog
-- --------------------------------------------------------------------------

insert into public.seo_meta (id, path, title, title_absolute, description, canonical, sitemap_include, sitemap_priority, sitemap_changefreq) values
  ('87af2bd3-61ce-5f1c-bba8-99e67c93dc8c', '/', 'MediCare Pro — Logiciel tout-en-un pour podologues', true, 'Dossiers patients, facturation automatique, agenda, 13 bilans et comptabilité : tout votre cabinet de podologie dans une seule application, dès 24,84 €/mois.', '/', true, 1.0, 'weekly'),
  ('a98db7bc-d984-5985-aa32-01db529ac020', '/fonctionnalites', 'Fonctionnalités du logiciel podologue', false, 'Toutes les fonctionnalités de MediCare Pro : facturation automatique, signature électronique eIDAS, comptabilité, agenda intégré, 13 bilans podologiques et application mobile (PWA).', '/fonctionnalites', true, 0.8, 'monthly'),
  ('bfcec0f4-ac74-5722-bb3f-11a035635055', '/bilans', 'Logiciel de bilan podologique — 13 bilans spécialisés', false, '13 bilans podologiques normés, scores calculés automatiquement : diabétique, chutes, posturologie, pédiatrie et plus. Tout inclus dans l''abonnement.', '/bilans', true, 0.8, 'monthly'),
  ('19ee7e93-c61c-5f19-b072-33536e039b37', '/securite', 'Sécurité et conformité des données de santé', false, 'Hébergement HDS chez OVHcloud en France, conformité RGPD, chiffrement de bout en bout et sauvegardes quotidiennes : vos données patients sont protégées.', '/securite', true, 0.8, 'monthly'),
  ('6d185269-3bf1-5ab4-a877-ac4e95d121ca', '/avantages', 'Les avantages du logiciel tout-en-un', false, 'Tout-en-un, simple, rapide : pourquoi les podologues choisissent MediCare Pro. Jusqu''à 260 €/mois économisés vs des outils séparés, dès 24,84 €/mois.', '/avantages', true, 0.8, 'monthly'),
  ('64ee5ff9-dc5c-5fbd-b0e6-59d5034210fa', '/tarifs', 'Tarifs', false, 'Une offre unique tout inclus : sans engagement à 29,88 € TTC/mois ou offre 12 mois à 24,84 € TTC/mois (−17 %). Service secrétariat gratuit, conforme HDS et RGPD.', '/tarifs', true, 0.8, 'monthly'),
  ('2dcc09f0-aba4-5ee6-8180-c3a222cf3b65', '/a-propos', 'À propos', false, 'MediCare Pro, le logiciel de gestion de cabinet conçu par et pour les podologues. Notre mission : centraliser tout votre cabinet dans une seule application.', '/a-propos', true, 0.6, 'monthly'),
  ('d15a3bdb-3d2a-5d8b-85ed-69b8c03621af', '/blog', 'Blog', false, 'Conseils et actualités pour les podologues : suivi du pied diabétique, orthèses plantaires, posturologie et bonnes pratiques de cabinet.', '/blog', true, 0.6, 'weekly'),
  ('d2e55243-bfe5-5641-ad91-521b80d79b13', '/contact', 'Contact', false, 'Contactez MediCare Pro pour vous abonner ou demander une démonstration. Hébergement HDS en France, données chiffrées et conformes RGPD.', '/contact', true, 0.6, 'monthly'),
  ('f6730b9f-f865-5b10-b1ee-ba7d96b6184b', '/mentions-legales', 'Mentions légales', false, 'Mentions légales du site medicarepro.fr : éditeur, directeur de la publication, hébergement et propriété intellectuelle.', '/mentions-legales', true, 0.2, 'yearly'),
  ('1cec71d8-0a1d-52d5-8fcc-5bc97ad8dbc1', '/cgu', 'Conditions générales d''utilisation', false, 'Conditions générales d''utilisation du site medicarepro.fr : accès au site, propriété intellectuelle, responsabilité et données personnelles.', '/cgu', true, 0.2, 'yearly'),
  ('e7ab5ad4-d1a9-54a5-92b6-490b3c47bb79', '/confidentialite', 'Politique de confidentialité', false, 'Politique de confidentialité de medicarepro.fr : données collectées, finalités, durées de conservation, hébergement HDS et droits RGPD.', '/confidentialite', true, 0.2, 'yearly'),
  ('35a3370a-0698-5e50-9d91-42738ccd264e', '/blog/pied-diabetique-suivi', 'Pied du diabétique : les bons réflexes de suivi', false, 'Gradation du risque, monofilament, IPS, fréquence de suivi : les réflexes essentiels pour un suivi rigoureux du pied diabétique en cabinet.', '/blog/pied-diabetique-suivi', true, 0.5, 'yearly'),
  ('7a177b74-ad22-5a7b-bc79-d5050303900d', '/blog/bien-choisir-ortheses-plantaires', 'Bien choisir ses orthèses plantaires', false, 'Indications, examen préalable, matériaux et suivi : la démarche complète pour concevoir des orthèses plantaires réellement efficaces.', '/blog/bien-choisir-ortheses-plantaires', true, 0.5, 'yearly'),
  ('9b2796da-3e3c-51be-b092-22c02af27703', '/blog/posturologie-comprendre-le-bilan', 'Posturologie : comprendre le bilan', false, 'Capteurs posturaux, Romberg, Fukuda, convergence oculaire : ce que mesure réellement un bilan postural et comment l''interpréter.', '/blog/posturologie-comprendre-le-bilan', true, 0.5, 'yearly');

-- --------------------------------------------------------------------------
-- cities — seed INSEE (status 'seeded', publication par vagues) + city_nearby
-- --------------------------------------------------------------------------

insert into public.cities (id, slug, name, name_locative, dept_code, dept_name, region, population, lat, lng, wave, status) values
  ('f1e4cfa7-a24e-579b-aa40-f39f0d8170ae', 'paris', 'Paris', 'à Paris', '75', 'Paris', 'Île-de-France', 2133000, 48.8566, 2.3522, 1, 'seeded'),
  ('e6793c53-2711-5e36-b850-7f374eb9d690', 'marseille', 'Marseille', 'à Marseille', '13', 'Bouches-du-Rhône', 'Provence-Alpes-Côte d''Azur', 873000, 43.2965, 5.3698, 1, 'seeded'),
  ('05347dab-9af2-560b-aae8-68578720202f', 'lyon', 'Lyon', 'à Lyon', '69', 'Rhône', 'Auvergne-Rhône-Alpes', 522000, 45.764, 4.8357, 1, 'seeded'),
  ('777bc12b-4012-59d6-9ac4-ed6e44b461d0', 'toulouse', 'Toulouse', 'à Toulouse', '31', 'Haute-Garonne', 'Occitanie', 504000, 43.6047, 1.4442, 1, 'seeded'),
  ('c89cb884-d7a1-5c8e-b7d5-45f71d8511c0', 'nice', 'Nice', 'à Nice', '06', 'Alpes-Maritimes', 'Provence-Alpes-Côte d''Azur', 342000, 43.7102, 7.262, 1, 'seeded'),
  ('42838e9d-6732-5062-9eef-d1b323f05cf4', 'nantes', 'Nantes', 'à Nantes', '44', 'Loire-Atlantique', 'Pays de la Loire', 323000, 47.2184, -1.5536, 1, 'seeded'),
  ('fc5cfca3-e8b5-5ffe-bbfa-23c5981f6aea', 'montpellier', 'Montpellier', 'à Montpellier', '34', 'Hérault', 'Occitanie', 302000, 43.6108, 3.8767, 1, 'seeded'),
  ('29c081b7-9987-5926-aa66-b15ef993547d', 'strasbourg', 'Strasbourg', 'à Strasbourg', '67', 'Bas-Rhin', 'Grand Est', 291000, 48.5734, 7.7521, 1, 'seeded'),
  ('0f396dfd-cf1a-5cb6-bf07-e82289db5504', 'bordeaux', 'Bordeaux', 'à Bordeaux', '33', 'Gironde', 'Nouvelle-Aquitaine', 261000, 44.8378, -0.5792, 1, 'seeded'),
  ('66cb994a-649d-52f5-a912-817555058440', 'lille', 'Lille', 'à Lille', '59', 'Nord', 'Hauts-de-France', 236000, 50.6292, 3.0573, 1, 'seeded'),
  ('9637e12f-b5b0-5cc1-a44a-296c4b1640a3', 'rennes', 'Rennes', 'à Rennes', '35', 'Ille-et-Vilaine', 'Bretagne', 222000, 48.1173, -1.6778, 1, 'seeded'),
  ('c736fa80-c74b-5f94-87b9-8f960a904c92', 'reims', 'Reims', 'à Reims', '51', 'Marne', 'Grand Est', 181000, 49.2583, 4.0317, 1, 'seeded'),
  ('e72b9d02-df59-564c-b8e2-a5b28680a903', 'toulon', 'Toulon', 'à Toulon', '83', 'Var', 'Provence-Alpes-Côte d''Azur', 180000, 43.1242, 5.928, 1, 'seeded'),
  ('50606f7d-5125-5595-9212-c72198be20a4', 'saint-etienne', 'Saint-Étienne', 'à Saint-Étienne', '42', 'Loire', 'Auvergne-Rhône-Alpes', 172000, 45.4397, 4.3872, 1, 'seeded'),
  ('f76699a9-1205-5c29-90e4-2545f62f46a1', 'le-havre', 'Le Havre', 'au Havre', '76', 'Seine-Maritime', 'Normandie', 165000, 49.4944, 0.1079, 1, 'seeded'),
  ('752a99d5-0c42-584f-a5db-11ed7a2b5833', 'grenoble', 'Grenoble', 'à Grenoble', '38', 'Isère', 'Auvergne-Rhône-Alpes', 158000, 45.1885, 5.7245, 1, 'seeded'),
  ('aa197e89-8f5f-54fa-b875-392987c1fbf5', 'dijon', 'Dijon', 'à Dijon', '21', 'Côte-d''Or', 'Bourgogne-Franche-Comté', 159000, 47.322, 5.0415, 1, 'seeded'),
  ('5698f197-a3ba-558a-b12a-56cf981c00b4', 'angers', 'Angers', 'à Angers', '49', 'Maine-et-Loire', 'Pays de la Loire', 155000, 47.4784, -0.5632, 1, 'seeded'),
  ('5a20d9c7-9e16-566c-91e8-6aa3063cabf0', 'nimes', 'Nîmes', 'à Nîmes', '30', 'Gard', 'Occitanie', 149000, 43.8367, 4.3601, 1, 'seeded'),
  ('aad20494-0438-51b7-adfa-54795176a266', 'aix-en-provence', 'Aix-en-Provence', 'à Aix-en-Provence', '13', 'Bouches-du-Rhône', 'Provence-Alpes-Côte d''Azur', 147000, 43.5297, 5.4474, 1, 'seeded'),
  ('74a83aa5-4e68-53fa-8e3e-d52a7141768a', 'tours', 'Tours', 'à Tours', '37', 'Indre-et-Loire', 'Centre-Val de Loire', 137000, 47.3941, 0.6848, 1, 'seeded'),
  ('f3143917-92f4-56e4-a565-e42afce98bb0', 'clermont-ferrand', 'Clermont-Ferrand', 'à Clermont-Ferrand', '63', 'Puy-de-Dôme', 'Auvergne-Rhône-Alpes', 147000, 45.7772, 3.087, 1, 'seeded'),
  ('16025ff4-aced-51ff-8d19-f5875433e9a5', 'orleans', 'Orléans', 'à Orléans', '45', 'Loiret', 'Centre-Val de Loire', 116000, 47.9029, 1.9093, 1, 'seeded'),
  ('56634858-ec93-5ff1-8c11-e224baf0154c', 'metz', 'Metz', 'à Metz', '57', 'Moselle', 'Grand Est', 118000, 49.1193, 6.1757, 1, 'seeded'),
  ('04fff588-0821-5ecc-bcd0-a147ba444598', 'nancy', 'Nancy', 'à Nancy', '54', 'Meurthe-et-Moselle', 'Grand Est', 105000, 48.6921, 6.1844, 1, 'seeded'),
  ('a8633eee-13ff-5ce9-b0c1-96c0e88a688d', 'rouen', 'Rouen', 'à Rouen', '76', 'Seine-Maritime', 'Normandie', 114000, 49.4432, 1.0993, 1, 'seeded'),
  ('2639e487-88f4-578b-8ecf-1a39057e05c1', 'caen', 'Caen', 'à Caen', '14', 'Calvados', 'Normandie', 106000, 49.1829, -0.3707, 1, 'seeded'),
  ('f2293802-a112-5f50-be4d-af632f54c38e', 'perpignan', 'Perpignan', 'à Perpignan', '66', 'Pyrénées-Orientales', 'Occitanie', 121000, 42.6887, 2.8948, 1, 'seeded'),
  ('5b488315-1bcd-5de3-9076-530607e8f8df', 'brest', 'Brest', 'à Brest', '29', 'Finistère', 'Bretagne', 140000, 48.3904, -4.4861, 1, 'seeded'),
  ('a8f470cc-0319-58ec-88dc-f7ee06897a6e', 'limoges', 'Limoges', 'à Limoges', '87', 'Haute-Vienne', 'Nouvelle-Aquitaine', 130000, 45.8336, 1.2611, 1, 'seeded'),
  ('cadcdac7-93e6-5463-86a4-c1619835d06e', 'villeurbanne', 'Villeurbanne', 'à Villeurbanne', '69', 'Rhône', 'Auvergne-Rhône-Alpes', 156000, 45.7719, 4.8902, 2, 'seeded'),
  ('12d881e9-97d0-5e46-ade4-680b820650eb', 'le-mans', 'Le Mans', 'au Mans', '72', 'Sarthe', 'Pays de la Loire', 145000, 48.0061, 0.1996, 2, 'seeded'),
  ('9073a3dc-5a18-5cc8-96b2-435bd8894ded', 'amiens', 'Amiens', 'à Amiens', '80', 'Somme', 'Hauts-de-France', 134000, 49.8942, 2.2957, 2, 'seeded'),
  ('958ecbcc-3c83-518c-b423-c32a80f6c0ad', 'annecy', 'Annecy', 'à Annecy', '74', 'Haute-Savoie', 'Auvergne-Rhône-Alpes', 131000, 45.8992, 6.1294, 2, 'seeded'),
  ('b7f72b41-9433-57e6-b083-1fbc0dd71f1b', 'boulogne-billancourt', 'Boulogne-Billancourt', 'à Boulogne-Billancourt', '92', 'Hauts-de-Seine', 'Île-de-France', 121000, 48.8397, 2.2399, 2, 'seeded'),
  ('7ed5d5ca-ffbc-585e-9513-828193dd5a41', 'besancon', 'Besançon', 'à Besançon', '25', 'Doubs', 'Bourgogne-Franche-Comté', 118000, 47.2378, 6.0241, 2, 'seeded'),
  ('f2735851-c37b-5df4-b6bf-f61c71ddc60d', 'saint-denis', 'Saint-Denis', 'à Saint-Denis', '93', 'Seine-Saint-Denis', 'Île-de-France', 113000, 48.9362, 2.3574, 2, 'seeded'),
  ('797e341d-83d4-5d83-8949-a556bee2ae0a', 'montreuil', 'Montreuil', 'à Montreuil', '93', 'Seine-Saint-Denis', 'Île-de-France', 111000, 48.8638, 2.4485, 2, 'seeded'),
  ('5235e451-73b4-5fed-9f46-f0fcf24f879d', 'argenteuil', 'Argenteuil', 'à Argenteuil', '95', 'Val-d''Oise', 'Île-de-France', 110000, 48.9472, 2.2467, 2, 'seeded'),
  ('2e3bf07f-6031-5779-a2c3-c94ed602bae7', 'mulhouse', 'Mulhouse', 'à Mulhouse', '68', 'Haut-Rhin', 'Grand Est', 109000, 47.7508, 7.3359, 2, 'seeded'),
  ('2ec42d56-6be4-5b86-95ba-efe8f1870475', 'tourcoing', 'Tourcoing', 'à Tourcoing', '59', 'Nord', 'Hauts-de-France', 99000, 50.7239, 3.1612, 2, 'seeded'),
  ('0601475c-e45d-52b5-9c51-69fba9531641', 'roubaix', 'Roubaix', 'à Roubaix', '59', 'Nord', 'Hauts-de-France', 98000, 50.6942, 3.1746, 2, 'seeded'),
  ('894cbb68-1048-51c1-939f-e21e7883f413', 'nanterre', 'Nanterre', 'à Nanterre', '92', 'Hauts-de-Seine', 'Île-de-France', 96000, 48.8924, 2.2071, 2, 'seeded'),
  ('527f72f6-55ae-55de-8388-483dd9dfac30', 'vitry-sur-seine', 'Vitry-sur-Seine', 'à Vitry-sur-Seine', '94', 'Val-de-Marne', 'Île-de-France', 95000, 48.7873, 2.3928, 2, 'seeded'),
  ('dadf3f05-ce5c-5615-a1e1-f1b9297b9ce5', 'creteil', 'Créteil', 'à Créteil', '94', 'Val-de-Marne', 'Île-de-France', 92000, 48.7904, 2.4556, 2, 'seeded'),
  ('dfe16506-f3c9-5e7c-b471-371b0692bd15', 'avignon', 'Avignon', 'à Avignon', '84', 'Vaucluse', 'Provence-Alpes-Côte d''Azur', 91000, 43.9493, 4.8055, 2, 'seeded'),
  ('1fc0a097-0e79-5fda-b902-82e13df94696', 'poitiers', 'Poitiers', 'à Poitiers', '86', 'Vienne', 'Nouvelle-Aquitaine', 90000, 46.5802, 0.3404, 2, 'seeded'),
  ('099fde17-11c6-547c-983b-a050ab538a47', 'asnieres-sur-seine', 'Asnières-sur-Seine', 'à Asnières-sur-Seine', '92', 'Hauts-de-Seine', 'Île-de-France', 88000, 48.9105, 2.289, 2, 'seeded'),
  ('efb79aa1-e635-54b7-931f-243cfaffffaf', 'colombes', 'Colombes', 'à Colombes', '92', 'Hauts-de-Seine', 'Île-de-France', 88000, 48.9227, 2.2547, 2, 'seeded'),
  ('2f897b92-596f-5579-9f66-79790805a56e', 'dunkerque', 'Dunkerque', 'à Dunkerque', '59', 'Nord', 'Hauts-de-France', 87000, 51.0343, 2.3768, 2, 'seeded'),
  ('f58f9579-72b0-5f27-a0cc-ce8c99f89e22', 'aulnay-sous-bois', 'Aulnay-sous-Bois', 'à Aulnay-sous-Bois', '93', 'Seine-Saint-Denis', 'Île-de-France', 86000, 48.9386, 2.4948, 2, 'seeded'),
  ('715233b9-c7f0-5491-a833-76bc32e024cd', 'versailles', 'Versailles', 'à Versailles', '78', 'Yvelines', 'Île-de-France', 84000, 48.8014, 2.1301, 2, 'seeded'),
  ('468d66b9-034d-5c9f-b479-29cd78c92f0e', 'courbevoie', 'Courbevoie', 'à Courbevoie', '92', 'Hauts-de-Seine', 'Île-de-France', 82000, 48.8977, 2.2566, 2, 'seeded'),
  ('9e164fa6-be09-585b-bba9-00541f1c5d73', 'beziers', 'Béziers', 'à Béziers', '34', 'Hérault', 'Occitanie', 80000, 43.3442, 3.2158, 2, 'seeded'),
  ('95f5114c-2c3c-5842-a5ec-f96b79f65eff', 'la-rochelle', 'La Rochelle', 'à La Rochelle', '17', 'Charente-Maritime', 'Nouvelle-Aquitaine', 78000, 46.1603, -1.1511, 2, 'seeded'),
  ('13a858dd-ca61-59dc-bc88-1364d8821e1c', 'rueil-malmaison', 'Rueil-Malmaison', 'à Rueil-Malmaison', '92', 'Hauts-de-Seine', 'Île-de-France', 78000, 48.8846, 2.1806, 2, 'seeded'),
  ('27e747d9-c764-574a-a55e-22a9259d5ffd', 'pau', 'Pau', 'à Pau', '64', 'Pyrénées-Atlantiques', 'Nouvelle-Aquitaine', 77000, 43.2951, -0.3708, 2, 'seeded'),
  ('3d359048-1727-5007-9bba-bbfdfd2c3ae2', 'saint-maur-des-fosses', 'Saint-Maur-des-Fossés', 'à Saint-Maur-des-Fossés', '94', 'Val-de-Marne', 'Île-de-France', 75000, 48.7994, 2.4863, 2, 'seeded'),
  ('07a4758e-2930-5161-a8c2-8f5f33469f68', 'cannes', 'Cannes', 'à Cannes', '06', 'Alpes-Maritimes', 'Provence-Alpes-Côte d''Azur', 74000, 43.5528, 7.0174, 2, 'seeded'),
  ('f727a9de-73cb-5183-ac4f-1d939e0a9a02', 'antibes', 'Antibes', 'à Antibes', '06', 'Alpes-Maritimes', 'Provence-Alpes-Côte d''Azur', 73000, 43.5808, 7.1251, 2, 'seeded'),
  ('d1590ddd-58eb-5033-ac1d-d2b1a09db3e7', 'calais', 'Calais', 'à Calais', '62', 'Pas-de-Calais', 'Hauts-de-France', 72000, 50.9513, 1.8587, 3, 'seeded'),
  ('6807e825-30ec-52a5-bc98-55d8e309ffdb', 'ajaccio', 'Ajaccio', 'à Ajaccio', '2A', 'Corse-du-Sud', 'Corse', 72000, 41.9192, 8.7386, 3, 'seeded'),
  ('dd78d7f2-e03f-5338-9faa-784df93b814a', 'merignac', 'Mérignac', 'à Mérignac', '33', 'Gironde', 'Nouvelle-Aquitaine', 72000, 44.8442, -0.656, 3, 'seeded'),
  ('6f4fcf45-dce5-5b2f-b1db-deea2f2d5612', 'saint-nazaire', 'Saint-Nazaire', 'à Saint-Nazaire', '44', 'Loire-Atlantique', 'Pays de la Loire', 72000, 47.2735, -2.2137, 3, 'seeded'),
  ('f7384e83-6bde-5b40-ae27-de137138c50e', 'colmar', 'Colmar', 'à Colmar', '68', 'Haut-Rhin', 'Grand Est', 68000, 48.079, 7.3585, 3, 'seeded'),
  ('d2642684-d8d7-50c7-850f-37e407e520f5', 'issy-les-moulineaux', 'Issy-les-Moulineaux', 'à Issy-les-Moulineaux', '92', 'Hauts-de-Seine', 'Île-de-France', 68000, 48.8247, 2.2699, 3, 'seeded'),
  ('aa5701db-f739-548f-96fb-0218985b4117', 'cergy', 'Cergy', 'à Cergy', '95', 'Val-d''Oise', 'Île-de-France', 67000, 49.0364, 2.0761, 3, 'seeded'),
  ('e36de80d-42cf-5dd8-8ee7-8c2f8f962321', 'venissieux', 'Vénissieux', 'à Vénissieux', '69', 'Rhône', 'Auvergne-Rhône-Alpes', 67000, 45.6978, 4.8867, 3, 'seeded'),
  ('d05ec1a8-6fd6-547c-9fba-1419bacee37f', 'levallois-perret', 'Levallois-Perret', 'à Levallois-Perret', '92', 'Hauts-de-Seine', 'Île-de-France', 66000, 48.893, 2.2873, 3, 'seeded'),
  ('6b5cc542-29c5-513b-880e-dbd54304f90a', 'pessac', 'Pessac', 'à Pessac', '33', 'Gironde', 'Nouvelle-Aquitaine', 66000, 44.8107, -0.6414, 3, 'seeded'),
  ('f5123e87-a707-5270-aae5-f9ea33f7f94d', 'ivry-sur-seine', 'Ivry-sur-Seine', 'à Ivry-sur-Seine', '94', 'Val-de-Marne', 'Île-de-France', 64000, 48.813, 2.3835, 3, 'seeded'),
  ('45f3f215-124e-57a1-9ea4-8dcff226c06c', 'bourges', 'Bourges', 'à Bourges', '18', 'Cher', 'Centre-Val de Loire', 64000, 47.081, 2.3988, 3, 'seeded'),
  ('1e2aba2d-a074-50b5-84b9-6ab976286f0a', 'la-seyne-sur-mer', 'La Seyne-sur-Mer', 'à La Seyne-sur-Mer', '83', 'Var', 'Provence-Alpes-Côte d''Azur', 64000, 43.1006, 5.8785, 3, 'seeded'),
  ('102589c9-bd8c-53fa-8945-2de23a9a7282', 'valence', 'Valence', 'à Valence', '26', 'Drôme', 'Auvergne-Rhône-Alpes', 64000, 44.9334, 4.8924, 3, 'seeded'),
  ('bf0d58d0-0751-57a2-ab58-34af3eb7baf4', 'quimper', 'Quimper', 'à Quimper', '29', 'Finistère', 'Bretagne', 63000, 47.996, -4.1024, 3, 'seeded'),
  ('b9b6c568-d8ae-5a03-85fa-9cd686327f3f', 'clichy', 'Clichy', 'à Clichy', '92', 'Hauts-de-Seine', 'Île-de-France', 63000, 48.9044, 2.3062, 3, 'seeded'),
  ('42048992-5954-53be-b39f-7094fd3ee787', 'montauban', 'Montauban', 'à Montauban', '82', 'Tarn-et-Garonne', 'Occitanie', 62000, 44.0221, 1.3529, 3, 'seeded'),
  ('12c149bd-fb44-5999-afa3-abe669a79839', 'troyes', 'Troyes', 'à Troyes', '10', 'Aube', 'Grand Est', 61000, 48.2973, 4.0744, 3, 'seeded'),
  ('6d85f818-eaa4-52ac-9ec4-26d1c22559da', 'niort', 'Niort', 'à Niort', '79', 'Deux-Sèvres', 'Nouvelle-Aquitaine', 60000, 46.3237, -0.4588, 3, 'seeded'),
  ('6db9dd13-d1b8-5430-ad3b-ec43619beb69', 'chambery', 'Chambéry', 'à Chambéry', '73', 'Savoie', 'Auvergne-Rhône-Alpes', 60000, 45.5646, 5.9178, 3, 'seeded'),
  ('1cb8b737-cfa8-5524-976e-31b11ef3bc6e', 'villejuif', 'Villejuif', 'à Villejuif', '94', 'Val-de-Marne', 'Île-de-France', 59000, 48.792, 2.3596, 3, 'seeded'),
  ('4665ee1b-3995-50a9-906c-0d86ac889a7d', 'lorient', 'Lorient', 'à Lorient', '56', 'Morbihan', 'Bretagne', 58000, 47.7482, -3.3702, 3, 'seeded'),
  ('d0f3721d-177e-552f-b74d-40d9a7a203cb', 'hyeres', 'Hyères', 'à Hyères', '83', 'Var', 'Provence-Alpes-Côte d''Azur', 57000, 43.1206, 6.1286, 3, 'seeded'),
  ('5d01687f-04f6-5483-8f3e-a18d20bd8442', 'frejus', 'Fréjus', 'à Fréjus', '83', 'Var', 'Provence-Alpes-Côte d''Azur', 57000, 43.433, 6.737, 3, 'seeded'),
  ('43400d34-6b3f-5e75-9b35-e8d517dcb2ef', 'narbonne', 'Narbonne', 'à Narbonne', '11', 'Aude', 'Occitanie', 56000, 43.1843, 3.0043, 3, 'seeded'),
  ('ba853ac1-85cf-582c-9fcd-efb108a8dd57', 'beauvais', 'Beauvais', 'à Beauvais', '60', 'Oise', 'Hauts-de-France', 56000, 49.4295, 2.0807, 3, 'seeded'),
  ('6f1e0824-cdef-5a48-812a-5a57c4b77439', 'la-roche-sur-yon', 'La Roche-sur-Yon', 'à La Roche-sur-Yon', '85', 'Vendée', 'Pays de la Loire', 55000, 46.6705, -1.4269, 3, 'seeded'),
  ('381a513f-a33f-5892-b151-8e65755a400c', 'cholet', 'Cholet', 'à Cholet', '49', 'Maine-et-Loire', 'Pays de la Loire', 54000, 47.0587, -0.8781, 3, 'seeded'),
  ('033e9345-4b26-5683-ab6a-eb93ecf9efa1', 'vannes', 'Vannes', 'à Vannes', '56', 'Morbihan', 'Bretagne', 54000, 47.6582, -2.7608, 3, 'seeded'),
  ('3c3f6e4f-54bc-5263-bfd2-54c99d36d2d4', 'saint-quentin', 'Saint-Quentin', 'à Saint-Quentin', '02', 'Aisne', 'Hauts-de-France', 53000, 49.8486, 3.2876, 3, 'seeded'),
  ('2d07d010-8e86-5cc9-bc4a-dd42d4d59734', 'bayonne', 'Bayonne', 'à Bayonne', '64', 'Pyrénées-Atlantiques', 'Nouvelle-Aquitaine', 52000, 43.4933, -1.475, 3, 'seeded'),
  ('4546ddee-abdb-5799-b344-ce88c080694b', 'laval', 'Laval', 'à Laval', '53', 'Mayenne', 'Pays de la Loire', 50000, 48.0698, -0.7729, 3, 'seeded'),
  ('0f84c14d-6a1f-5b4b-8e84-32612d5ddcbe', 'albi', 'Albi', 'à Albi', '81', 'Tarn', 'Occitanie', 49000, 43.9289, 2.1464, 3, 'seeded'),
  ('8513f018-e293-58dd-b5d8-b41657b50a5b', 'evreux', 'Évreux', 'à Évreux', '27', 'Eure', 'Normandie', 47000, 49.027, 1.1508, 3, 'seeded'),
  ('fb05679c-0c85-5b6c-b6f4-c7109f48f56f', 'charleville-mezieres', 'Charleville-Mézières', 'à Charleville-Mézières', '08', 'Ardennes', 'Grand Est', 46000, 49.7719, 4.7161, 3, 'seeded'),
  ('9201a19b-4738-54c6-88e1-c8dfc9d68c18', 'belfort', 'Belfort', 'à Belfort', '90', 'Territoire de Belfort', 'Bourgogne-Franche-Comté', 46000, 47.638, 6.8629, 3, 'seeded'),
  ('99dba0d1-6078-51d2-b744-57f4089eee6c', 'blois', 'Blois', 'à Blois', '41', 'Loir-et-Cher', 'Centre-Val de Loire', 46000, 47.5861, 1.3359, 3, 'seeded'),
  ('fb31acc8-7c4a-5c45-a4e9-f5d56e396ec1', 'brive-la-gaillarde', 'Brive-la-Gaillarde', 'à Brive-la-Gaillarde', '19', 'Corrèze', 'Nouvelle-Aquitaine', 46000, 45.1583, 1.5321, 3, 'seeded'),
  ('06502ac9-013f-5da5-b353-a171a8f6750a', 'chateauroux', 'Châteauroux', 'à Châteauroux', '36', 'Indre', 'Centre-Val de Loire', 43000, 46.8103, 1.6911, 3, 'seeded'),
  ('81586648-d2ae-57bb-87b8-4455896d8a1d', 'tarbes', 'Tarbes', 'à Tarbes', '65', 'Hautes-Pyrénées', 'Occitanie', 42000, 43.2328, 0.0716, 3, 'seeded'),
  ('35c9e7a3-63cb-5e76-bda6-9fdb389825cb', 'angouleme', 'Angoulême', 'à Angoulême', '16', 'Charente', 'Nouvelle-Aquitaine', 42000, 45.6484, 0.1562, 3, 'seeded'),
  ('dc2c146b-0d04-5d0f-9854-6d48ee53c051', 'chartres', 'Chartres', 'à Chartres', '28', 'Eure-et-Loir', 'Centre-Val de Loire', 39000, 48.4439, 1.4893, 3, 'seeded');

insert into public.city_nearby (city_id, nearby_city_id, distance_km, position) values
  ('f1e4cfa7-a24e-579b-aa40-f39f0d8170ae', 'f5123e87-a707-5270-aae5-f9ea33f7f94d', 5.4, 1),
  ('f1e4cfa7-a24e-579b-aa40-f39f0d8170ae', 'd05ec1a8-6fd6-547c-9fba-1419bacee37f', 6.2, 2),
  ('f1e4cfa7-a24e-579b-aa40-f39f0d8170ae', 'b9b6c568-d8ae-5a03-85fa-9cd686327f3f', 6.3, 3),
  ('f1e4cfa7-a24e-579b-aa40-f39f0d8170ae', 'd2642684-d8d7-50c7-850f-37e407e520f5', 7.0, 4),
  ('f1e4cfa7-a24e-579b-aa40-f39f0d8170ae', '797e341d-83d4-5d83-8949-a556bee2ae0a', 7.1, 5),
  ('e6793c53-2711-5e36-b850-7f374eb9d690', 'aad20494-0438-51b7-adfa-54795176a266', 26.7, 1),
  ('e6793c53-2711-5e36-b850-7f374eb9d690', '1e2aba2d-a074-50b5-84b9-6ab976286f0a', 46.6, 2),
  ('e6793c53-2711-5e36-b850-7f374eb9d690', 'e72b9d02-df59-564c-b8e2-a5b28680a903', 49.1, 3),
  ('e6793c53-2711-5e36-b850-7f374eb9d690', 'd0f3721d-177e-552f-b74d-40d9a7a203cb', 64.5, 4),
  ('e6793c53-2711-5e36-b850-7f374eb9d690', 'dfe16506-f3c9-5e7c-b471-371b0692bd15', 85.6, 5),
  ('05347dab-9af2-560b-aae8-68578720202f', 'cadcdac7-93e6-5463-86a4-c1619835d06e', 4.3, 1),
  ('05347dab-9af2-560b-aae8-68578720202f', 'e36de80d-42cf-5dd8-8ee7-8c2f8f962321', 8.4, 2),
  ('05347dab-9af2-560b-aae8-68578720202f', '50606f7d-5125-5595-9212-c72198be20a4', 50.2, 3),
  ('05347dab-9af2-560b-aae8-68578720202f', '6db9dd13-d1b8-5430-ad3b-ec43619beb69', 87.0, 4),
  ('05347dab-9af2-560b-aae8-68578720202f', '102589c9-bd8c-53fa-8945-2de23a9a7282', 92.5, 5),
  ('777bc12b-4012-59d6-9ac4-ed6e44b461d0', '42048992-5954-53be-b39f-7094fd3ee787', 47.0, 1),
  ('777bc12b-4012-59d6-9ac4-ed6e44b461d0', '0f84c14d-6a1f-5b4b-8e84-32612d5ddcbe', 66.9, 2),
  ('777bc12b-4012-59d6-9ac4-ed6e44b461d0', '81586648-d2ae-57bb-87b8-4455896d8a1d', 118.3, 3),
  ('777bc12b-4012-59d6-9ac4-ed6e44b461d0', '43400d34-6b3f-5e75-9b35-e8d517dcb2ef', 134.4, 4),
  ('777bc12b-4012-59d6-9ac4-ed6e44b461d0', '9e164fa6-be09-585b-bba9-00541f1c5d73', 145.9, 5),
  ('c89cb884-d7a1-5c8e-b7d5-45f71d8511c0', 'f727a9de-73cb-5183-ac4f-1d939e0a9a02', 18.1, 1),
  ('c89cb884-d7a1-5c8e-b7d5-45f71d8511c0', '07a4758e-2930-5161-a8c2-8f5f33469f68', 26.3, 2),
  ('c89cb884-d7a1-5c8e-b7d5-45f71d8511c0', '5d01687f-04f6-5483-8f3e-a18d20bd8442', 52.3, 3),
  ('c89cb884-d7a1-5c8e-b7d5-45f71d8511c0', 'd0f3721d-177e-552f-b74d-40d9a7a203cb', 112.6, 4),
  ('c89cb884-d7a1-5c8e-b7d5-45f71d8511c0', 'e72b9d02-df59-564c-b8e2-a5b28680a903', 125.9, 5),
  ('42838e9d-6732-5062-9eef-d1b323f05cf4', '6f4fcf45-dce5-5b2f-b1db-deea2f2d5612', 50.2, 1),
  ('42838e9d-6732-5062-9eef-d1b323f05cf4', '381a513f-a33f-5892-b151-8e65755a400c', 54.1, 2),
  ('42838e9d-6732-5062-9eef-d1b323f05cf4', '6f1e0824-cdef-5a48-812a-5a57c4b77439', 61.7, 3),
  ('42838e9d-6732-5062-9eef-d1b323f05cf4', '5698f197-a3ba-558a-b12a-56cf981c00b4', 80.0, 4),
  ('42838e9d-6732-5062-9eef-d1b323f05cf4', '9637e12f-b5b0-5cc1-a44a-296c4b1640a3', 100.4, 5),
  ('fc5cfca3-e8b5-5ffe-bbfa-23c5981f6aea', '5a20d9c7-9e16-566c-91e8-6aa3063cabf0', 46.3, 1),
  ('fc5cfca3-e8b5-5ffe-bbfa-23c5981f6aea', '9e164fa6-be09-585b-bba9-00541f1c5d73', 61.0, 2),
  ('fc5cfca3-e8b5-5ffe-bbfa-23c5981f6aea', 'dfe16506-f3c9-5e7c-b471-371b0692bd15', 83.5, 3),
  ('fc5cfca3-e8b5-5ffe-bbfa-23c5981f6aea', '43400d34-6b3f-5e75-9b35-e8d517dcb2ef', 85.0, 4),
  ('fc5cfca3-e8b5-5ffe-bbfa-23c5981f6aea', 'e6793c53-2711-5e36-b850-7f374eb9d690', 125.5, 5),
  ('29c081b7-9987-5926-aa66-b15ef993547d', 'f7384e83-6bde-5b40-ae27-de137138c50e', 62.2, 1),
  ('29c081b7-9987-5926-aa66-b15ef993547d', '2e3bf07f-6031-5779-a2c3-c94ed602bae7', 96.5, 2),
  ('29c081b7-9987-5926-aa66-b15ef993547d', '04fff588-0821-5ecc-bcd0-a147ba444598', 116.0, 3),
  ('29c081b7-9987-5926-aa66-b15ef993547d', '9201a19b-4738-54c6-88e1-c8dfc9d68c18', 123.2, 4),
  ('29c081b7-9987-5926-aa66-b15ef993547d', '56634858-ec93-5ff1-8c11-e224baf0154c', 130.3, 5),
  ('0f396dfd-cf1a-5cb6-bf07-e82289db5504', '6b5cc542-29c5-513b-880e-dbd54304f90a', 5.8, 1),
  ('0f396dfd-cf1a-5cb6-bf07-e82289db5504', 'dd78d7f2-e03f-5338-9faa-784df93b814a', 6.1, 2),
  ('0f396dfd-cf1a-5cb6-bf07-e82289db5504', '35c9e7a3-63cb-5e76-bda6-9fdb389825cb', 107.0, 3),
  ('0f396dfd-cf1a-5cb6-bf07-e82289db5504', '95f5114c-2c3c-5842-a5ec-f96b79f65eff', 153.7, 4),
  ('0f396dfd-cf1a-5cb6-bf07-e82289db5504', '6d85f818-eaa4-52ac-9ec4-26d1c22559da', 165.5, 5),
  ('66cb994a-649d-52f5-a912-817555058440', '0601475c-e45d-52b5-9c51-69fba9531641', 11.0, 1),
  ('66cb994a-649d-52f5-a912-817555058440', '2ec42d56-6be4-5b86-95ba-efe8f1870475', 12.8, 2),
  ('66cb994a-649d-52f5-a912-817555058440', '2f897b92-596f-5579-9f66-79790805a56e', 65.7, 3),
  ('66cb994a-649d-52f5-a912-817555058440', '3c3f6e4f-54bc-5263-bfd2-54c99d36d2d4', 88.3, 4),
  ('66cb994a-649d-52f5-a912-817555058440', 'd1590ddd-58eb-5033-ac1d-d2b1a09db3e7', 91.5, 5),
  ('9637e12f-b5b0-5cc1-a44a-296c4b1640a3', '4546ddee-abdb-5799-b344-ce88c080694b', 67.4, 1),
  ('9637e12f-b5b0-5cc1-a44a-296c4b1640a3', '033e9345-4b26-5683-ab6a-eb93ecf9efa1', 95.5, 2),
  ('9637e12f-b5b0-5cc1-a44a-296c4b1640a3', '42838e9d-6732-5062-9eef-d1b323f05cf4', 100.4, 3),
  ('9637e12f-b5b0-5cc1-a44a-296c4b1640a3', '6f4fcf45-dce5-5b2f-b1db-deea2f2d5612', 102.0, 4),
  ('9637e12f-b5b0-5cc1-a44a-296c4b1640a3', '5698f197-a3ba-558a-b12a-56cf981c00b4', 109.4, 5),
  ('c736fa80-c74b-5f94-87b9-8f960a904c92', 'fb05679c-0c85-5b6c-b6f4-c7109f48f56f', 75.5, 1),
  ('c736fa80-c74b-5f94-87b9-8f960a904c92', '3c3f6e4f-54bc-5263-bfd2-54c99d36d2d4', 84.8, 2),
  ('c736fa80-c74b-5f94-87b9-8f960a904c92', '12c149bd-fb44-5999-afa3-abe669a79839', 106.9, 3),
  ('c736fa80-c74b-5f94-87b9-8f960a904c92', 'f58f9579-72b0-5f27-a0cc-ce8c99f89e22', 117.4, 4),
  ('c736fa80-c74b-5f94-87b9-8f960a904c92', '797e341d-83d4-5d83-8949-a556bee2ae0a', 123.4, 5),
  ('e72b9d02-df59-564c-b8e2-a5b28680a903', '1e2aba2d-a074-50b5-84b9-6ab976286f0a', 4.8, 1),
  ('e72b9d02-df59-564c-b8e2-a5b28680a903', 'd0f3721d-177e-552f-b74d-40d9a7a203cb', 16.3, 2),
  ('e72b9d02-df59-564c-b8e2-a5b28680a903', 'e6793c53-2711-5e36-b850-7f374eb9d690', 49.1, 3),
  ('e72b9d02-df59-564c-b8e2-a5b28680a903', 'aad20494-0438-51b7-adfa-54795176a266', 59.5, 4),
  ('e72b9d02-df59-564c-b8e2-a5b28680a903', '5d01687f-04f6-5483-8f3e-a18d20bd8442', 73.9, 5),
  ('50606f7d-5125-5595-9212-c72198be20a4', 'e36de80d-42cf-5dd8-8ee7-8c2f8f962321', 48.3, 1),
  ('50606f7d-5125-5595-9212-c72198be20a4', '05347dab-9af2-560b-aae8-68578720202f', 50.2, 2),
  ('50606f7d-5125-5595-9212-c72198be20a4', 'cadcdac7-93e6-5463-86a4-c1619835d06e', 53.8, 3),
  ('50606f7d-5125-5595-9212-c72198be20a4', '102589c9-bd8c-53fa-8945-2de23a9a7282', 68.8, 4),
  ('50606f7d-5125-5595-9212-c72198be20a4', 'f3143917-92f4-56e4-a565-e42afce98bb0', 107.9, 5),
  ('f76699a9-1205-5c29-90e4-2545f62f46a1', '2639e487-88f4-578b-8ecf-1a39057e05c1', 49.0, 1),
  ('f76699a9-1205-5c29-90e4-2545f62f46a1', 'a8633eee-13ff-5ce9-b0c1-96c0e88a688d', 71.9, 2),
  ('f76699a9-1205-5c29-90e4-2545f62f46a1', '8513f018-e293-58dd-b5d8-b41657b50a5b', 91.8, 3),
  ('f76699a9-1205-5c29-90e4-2545f62f46a1', 'ba853ac1-85cf-582c-9fcd-efb108a8dd57', 142.8, 4),
  ('f76699a9-1205-5c29-90e4-2545f62f46a1', 'aa5701db-f739-548f-96fb-0218985b4117', 151.6, 5),
  ('752a99d5-0c42-584f-a5db-11ed7a2b5833', '6db9dd13-d1b8-5430-ad3b-ec43619beb69', 44.5, 1),
  ('752a99d5-0c42-584f-a5db-11ed7a2b5833', '102589c9-bd8c-53fa-8945-2de23a9a7282', 71.2, 2),
  ('752a99d5-0c42-584f-a5db-11ed7a2b5833', '958ecbcc-3c83-518c-b423-c32a80f6c0ad', 85.1, 3),
  ('752a99d5-0c42-584f-a5db-11ed7a2b5833', 'e36de80d-42cf-5dd8-8ee7-8c2f8f962321', 86.5, 4),
  ('752a99d5-0c42-584f-a5db-11ed7a2b5833', 'cadcdac7-93e6-5463-86a4-c1619835d06e', 91.9, 5),
  ('aa197e89-8f5f-54fa-b875-392987c1fbf5', '7ed5d5ca-ffbc-585e-9513-828193dd5a41', 74.7, 1),
  ('aa197e89-8f5f-54fa-b875-392987c1fbf5', '12c149bd-fb44-5999-afa3-abe669a79839', 130.3, 2),
  ('aa197e89-8f5f-54fa-b875-392987c1fbf5', '9201a19b-4738-54c6-88e1-c8dfc9d68c18', 141.3, 3),
  ('aa197e89-8f5f-54fa-b875-392987c1fbf5', 'cadcdac7-93e6-5463-86a4-c1619835d06e', 172.8, 4),
  ('aa197e89-8f5f-54fa-b875-392987c1fbf5', '05347dab-9af2-560b-aae8-68578720202f', 174.0, 5),
  ('5698f197-a3ba-558a-b12a-56cf981c00b4', '381a513f-a33f-5892-b151-8e65755a400c', 52.4, 1),
  ('5698f197-a3ba-558a-b12a-56cf981c00b4', '4546ddee-abdb-5799-b344-ce88c080694b', 67.6, 2),
  ('5698f197-a3ba-558a-b12a-56cf981c00b4', '42838e9d-6732-5062-9eef-d1b323f05cf4', 80.0, 3),
  ('5698f197-a3ba-558a-b12a-56cf981c00b4', '12d881e9-97d0-5e46-ade4-680b820650eb', 81.8, 4),
  ('5698f197-a3ba-558a-b12a-56cf981c00b4', '74a83aa5-4e68-53fa-8e3e-d52a7141768a', 94.3, 5),
  ('5a20d9c7-9e16-566c-91e8-6aa3063cabf0', 'dfe16506-f3c9-5e7c-b471-371b0692bd15', 37.8, 1),
  ('5a20d9c7-9e16-566c-91e8-6aa3063cabf0', 'fc5cfca3-e8b5-5ffe-bbfa-23c5981f6aea', 46.3, 2),
  ('5a20d9c7-9e16-566c-91e8-6aa3063cabf0', 'aad20494-0438-51b7-adfa-54795176a266', 93.9, 3),
  ('5a20d9c7-9e16-566c-91e8-6aa3063cabf0', 'e6793c53-2711-5e36-b850-7f374eb9d690', 101.1, 4),
  ('5a20d9c7-9e16-566c-91e8-6aa3063cabf0', '9e164fa6-be09-585b-bba9-00541f1c5d73', 107.2, 5),
  ('aad20494-0438-51b7-adfa-54795176a266', 'e6793c53-2711-5e36-b850-7f374eb9d690', 26.7, 1),
  ('aad20494-0438-51b7-adfa-54795176a266', '1e2aba2d-a074-50b5-84b9-6ab976286f0a', 59.1, 2),
  ('aad20494-0438-51b7-adfa-54795176a266', 'e72b9d02-df59-564c-b8e2-a5b28680a903', 59.5, 3),
  ('aad20494-0438-51b7-adfa-54795176a266', 'dfe16506-f3c9-5e7c-b471-371b0692bd15', 69.5, 4),
  ('aad20494-0438-51b7-adfa-54795176a266', 'd0f3721d-177e-552f-b74d-40d9a7a203cb', 71.5, 5),
  ('74a83aa5-4e68-53fa-8e3e-d52a7141768a', '99dba0d1-6078-51d2-b744-57f4089eee6c', 53.4, 1),
  ('74a83aa5-4e68-53fa-8e3e-d52a7141768a', '12d881e9-97d0-5e46-ade4-680b820650eb', 77.1, 2),
  ('74a83aa5-4e68-53fa-8e3e-d52a7141768a', '1fc0a097-0e79-5fda-b902-82e13df94696', 94.2, 3),
  ('74a83aa5-4e68-53fa-8e3e-d52a7141768a', '5698f197-a3ba-558a-b12a-56cf981c00b4', 94.3, 4),
  ('74a83aa5-4e68-53fa-8e3e-d52a7141768a', '06502ac9-013f-5da5-b353-a171a8f6750a', 100.1, 5),
  ('f3143917-92f4-56e4-a565-e42afce98bb0', '50606f7d-5125-5595-9212-c72198be20a4', 107.9, 1),
  ('f3143917-92f4-56e4-a565-e42afce98bb0', '05347dab-9af2-560b-aae8-68578720202f', 135.6, 2),
  ('f3143917-92f4-56e4-a565-e42afce98bb0', 'fb31acc8-7c4a-5c45-a4e9-f5d56e396ec1', 139.4, 3),
  ('f3143917-92f4-56e4-a565-e42afce98bb0', 'cadcdac7-93e6-5463-86a4-c1619835d06e', 139.8, 4),
  ('f3143917-92f4-56e4-a565-e42afce98bb0', 'e36de80d-42cf-5dd8-8ee7-8c2f8f962321', 139.9, 5),
  ('16025ff4-aced-51ff-8d19-f5875433e9a5', '99dba0d1-6078-51d2-b744-57f4089eee6c', 55.5, 1),
  ('16025ff4-aced-51ff-8d19-f5875433e9a5', 'dc2c146b-0d04-5d0f-9854-6d48ee53c051', 67.7, 2),
  ('16025ff4-aced-51ff-8d19-f5875433e9a5', '45f3f215-124e-57a1-9ea4-8dcff226c06c', 98.5, 3),
  ('16025ff4-aced-51ff-8d19-f5875433e9a5', '715233b9-c7f0-5491-a833-76bc32e024cd', 101.2, 4),
  ('16025ff4-aced-51ff-8d19-f5875433e9a5', '1cb8b737-cfa8-5524-976e-31b11ef3bc6e', 104.3, 5),
  ('56634858-ec93-5ff1-8c11-e224baf0154c', '04fff588-0821-5ecc-bcd0-a147ba444598', 47.5, 1),
  ('56634858-ec93-5ff1-8c11-e224baf0154c', 'fb05679c-0c85-5b6c-b6f4-c7109f48f56f', 128.1, 2),
  ('56634858-ec93-5ff1-8c11-e224baf0154c', '29c081b7-9987-5926-aa66-b15ef993547d', 130.3, 3),
  ('56634858-ec93-5ff1-8c11-e224baf0154c', 'f7384e83-6bde-5b40-ae27-de137138c50e', 144.7, 4),
  ('56634858-ec93-5ff1-8c11-e224baf0154c', 'c736fa80-c74b-5f94-87b9-8f960a904c92', 156.6, 5),
  ('04fff588-0821-5ecc-bcd0-a147ba444598', '56634858-ec93-5ff1-8c11-e224baf0154c', 47.5, 1),
  ('04fff588-0821-5ecc-bcd0-a147ba444598', 'f7384e83-6bde-5b40-ae27-de137138c50e', 110.3, 2),
  ('04fff588-0821-5ecc-bcd0-a147ba444598', '29c081b7-9987-5926-aa66-b15ef993547d', 116.0, 3),
  ('04fff588-0821-5ecc-bcd0-a147ba444598', '9201a19b-4738-54c6-88e1-c8dfc9d68c18', 127.6, 4),
  ('04fff588-0821-5ecc-bcd0-a147ba444598', '2e3bf07f-6031-5779-a2c3-c94ed602bae7', 135.0, 5),
  ('a8633eee-13ff-5ce9-b0c1-96c0e88a688d', '8513f018-e293-58dd-b5d8-b41657b50a5b', 46.4, 1),
  ('a8633eee-13ff-5ce9-b0c1-96c0e88a688d', 'ba853ac1-85cf-582c-9fcd-efb108a8dd57', 71.0, 2),
  ('a8633eee-13ff-5ce9-b0c1-96c0e88a688d', 'f76699a9-1205-5c29-90e4-2545f62f46a1', 71.9, 3),
  ('a8633eee-13ff-5ce9-b0c1-96c0e88a688d', 'aa5701db-f739-548f-96fb-0218985b4117', 84.1, 4),
  ('a8633eee-13ff-5ce9-b0c1-96c0e88a688d', '9073a3dc-5a18-5cc8-96b2-435bd8894ded', 99.6, 5),
  ('2639e487-88f4-578b-8ecf-1a39057e05c1', 'f76699a9-1205-5c29-90e4-2545f62f46a1', 49.0, 1),
  ('2639e487-88f4-578b-8ecf-1a39057e05c1', 'a8633eee-13ff-5ce9-b0c1-96c0e88a688d', 110.4, 2),
  ('2639e487-88f4-578b-8ecf-1a39057e05c1', '8513f018-e293-58dd-b5d8-b41657b50a5b', 112.1, 3),
  ('2639e487-88f4-578b-8ecf-1a39057e05c1', '4546ddee-abdb-5799-b344-ce88c080694b', 127.3, 4),
  ('2639e487-88f4-578b-8ecf-1a39057e05c1', '12d881e9-97d0-5e46-ade4-680b820650eb', 137.4, 5),
  ('f2293802-a112-5f50-be4d-af632f54c38e', '43400d34-6b3f-5e75-9b35-e8d517dcb2ef', 55.8, 1),
  ('f2293802-a112-5f50-be4d-af632f54c38e', '9e164fa6-be09-585b-bba9-00541f1c5d73', 77.4, 2),
  ('f2293802-a112-5f50-be4d-af632f54c38e', 'fc5cfca3-e8b5-5ffe-bbfa-23c5981f6aea', 129.8, 3),
  ('f2293802-a112-5f50-be4d-af632f54c38e', '0f84c14d-6a1f-5b4b-8e84-32612d5ddcbe', 150.6, 4),
  ('f2293802-a112-5f50-be4d-af632f54c38e', '777bc12b-4012-59d6-9ac4-ed6e44b461d0', 155.6, 5),
  ('5b488315-1bcd-5de3-9076-530607e8f8df', 'bf0d58d0-0751-57a2-ab58-34af3eb7baf4', 52.3, 1),
  ('5b488315-1bcd-5de3-9076-530607e8f8df', '4665ee1b-3995-50a9-906c-0d86ac889a7d', 109.4, 2),
  ('5b488315-1bcd-5de3-9076-530607e8f8df', '033e9345-4b26-5683-ab6a-eb93ecf9efa1', 152.0, 3),
  ('5b488315-1bcd-5de3-9076-530607e8f8df', '9637e12f-b5b0-5cc1-a44a-296c4b1640a3', 210.1, 4),
  ('5b488315-1bcd-5de3-9076-530607e8f8df', '6f4fcf45-dce5-5b2f-b1db-deea2f2d5612', 210.2, 5),
  ('a8f470cc-0319-58ec-88dc-f7ee06897a6e', 'fb31acc8-7c4a-5c45-a4e9-f5d56e396ec1', 78.0, 1),
  ('a8f470cc-0319-58ec-88dc-f7ee06897a6e', '35c9e7a3-63cb-5e76-bda6-9fdb389825cb', 88.2, 2),
  ('a8f470cc-0319-58ec-88dc-f7ee06897a6e', '1fc0a097-0e79-5fda-b902-82e13df94696', 109.1, 3),
  ('a8f470cc-0319-58ec-88dc-f7ee06897a6e', '06502ac9-013f-5da5-b353-a171a8f6750a', 113.5, 4),
  ('a8f470cc-0319-58ec-88dc-f7ee06897a6e', 'f3143917-92f4-56e4-a565-e42afce98bb0', 141.7, 5),
  ('cadcdac7-93e6-5463-86a4-c1619835d06e', '05347dab-9af2-560b-aae8-68578720202f', 4.3, 1),
  ('cadcdac7-93e6-5463-86a4-c1619835d06e', 'e36de80d-42cf-5dd8-8ee7-8c2f8f962321', 8.2, 2),
  ('cadcdac7-93e6-5463-86a4-c1619835d06e', '50606f7d-5125-5595-9212-c72198be20a4', 53.8, 3),
  ('cadcdac7-93e6-5463-86a4-c1619835d06e', '6db9dd13-d1b8-5430-ad3b-ec43619beb69', 83.1, 4),
  ('cadcdac7-93e6-5463-86a4-c1619835d06e', '752a99d5-0c42-584f-a5db-11ed7a2b5833', 91.9, 5),
  ('12d881e9-97d0-5e46-ade4-680b820650eb', '4546ddee-abdb-5799-b344-ce88c080694b', 72.7, 1),
  ('12d881e9-97d0-5e46-ade4-680b820650eb', '74a83aa5-4e68-53fa-8e3e-d52a7141768a', 77.1, 2),
  ('12d881e9-97d0-5e46-ade4-680b820650eb', '5698f197-a3ba-558a-b12a-56cf981c00b4', 81.8, 3),
  ('12d881e9-97d0-5e46-ade4-680b820650eb', '99dba0d1-6078-51d2-b744-57f4089eee6c', 96.9, 4),
  ('12d881e9-97d0-5e46-ade4-680b820650eb', 'dc2c146b-0d04-5d0f-9854-6d48ee53c051', 107.2, 5),
  ('9073a3dc-5a18-5cc8-96b2-435bd8894ded', 'ba853ac1-85cf-582c-9fcd-efb108a8dd57', 53.9, 1),
  ('9073a3dc-5a18-5cc8-96b2-435bd8894ded', '3c3f6e4f-54bc-5263-bfd2-54c99d36d2d4', 71.3, 2),
  ('9073a3dc-5a18-5cc8-96b2-435bd8894ded', 'aa5701db-f739-548f-96fb-0218985b4117', 96.7, 3),
  ('9073a3dc-5a18-5cc8-96b2-435bd8894ded', '66cb994a-649d-52f5-a912-817555058440', 98.0, 4),
  ('9073a3dc-5a18-5cc8-96b2-435bd8894ded', 'a8633eee-13ff-5ce9-b0c1-96c0e88a688d', 99.6, 5),
  ('958ecbcc-3c83-518c-b423-c32a80f6c0ad', '6db9dd13-d1b8-5430-ad3b-ec43619beb69', 40.7, 1),
  ('958ecbcc-3c83-518c-b423-c32a80f6c0ad', '752a99d5-0c42-584f-a5db-11ed7a2b5833', 85.1, 2),
  ('958ecbcc-3c83-518c-b423-c32a80f6c0ad', 'cadcdac7-93e6-5463-86a4-c1619835d06e', 97.0, 3),
  ('958ecbcc-3c83-518c-b423-c32a80f6c0ad', 'e36de80d-42cf-5dd8-8ee7-8c2f8f962321', 98.9, 4),
  ('958ecbcc-3c83-518c-b423-c32a80f6c0ad', '05347dab-9af2-560b-aae8-68578720202f', 101.4, 5),
  ('b7f72b41-9433-57e6-b083-1fbc0dd71f1b', 'd2642684-d8d7-50c7-850f-37e407e520f5', 2.8, 1),
  ('b7f72b41-9433-57e6-b083-1fbc0dd71f1b', '894cbb68-1048-51c1-939f-e21e7883f413', 6.3, 2),
  ('b7f72b41-9433-57e6-b083-1fbc0dd71f1b', '468d66b9-034d-5c9f-b479-29cd78c92f0e', 6.6, 3),
  ('b7f72b41-9433-57e6-b083-1fbc0dd71f1b', '13a858dd-ca61-59dc-bc88-1364d8821e1c', 6.6, 4),
  ('b7f72b41-9433-57e6-b083-1fbc0dd71f1b', 'd05ec1a8-6fd6-547c-9fba-1419bacee37f', 6.9, 5),
  ('7ed5d5ca-ffbc-585e-9513-828193dd5a41', 'aa197e89-8f5f-54fa-b875-392987c1fbf5', 74.7, 1),
  ('7ed5d5ca-ffbc-585e-9513-828193dd5a41', '9201a19b-4738-54c6-88e1-c8dfc9d68c18', 77.2, 2),
  ('7ed5d5ca-ffbc-585e-9513-828193dd5a41', '2e3bf07f-6031-5779-a2c3-c94ed602bae7', 113.9, 3),
  ('7ed5d5ca-ffbc-585e-9513-828193dd5a41', 'f7384e83-6bde-5b40-ae27-de137138c50e', 136.9, 4),
  ('7ed5d5ca-ffbc-585e-9513-828193dd5a41', '958ecbcc-3c83-518c-b423-c32a80f6c0ad', 149.1, 5),
  ('f2735851-c37b-5df4-b6bf-f61c71ddc60d', 'b9b6c568-d8ae-5a03-85fa-9cd686327f3f', 5.1, 1),
  ('f2735851-c37b-5df4-b6bf-f61c71ddc60d', '099fde17-11c6-547c-983b-a050ab538a47', 5.8, 2),
  ('f2735851-c37b-5df4-b6bf-f61c71ddc60d', 'd05ec1a8-6fd6-547c-9fba-1419bacee37f', 7.0, 3),
  ('f2735851-c37b-5df4-b6bf-f61c71ddc60d', 'efb79aa1-e635-54b7-931f-243cfaffffaf', 7.7, 4),
  ('f2735851-c37b-5df4-b6bf-f61c71ddc60d', '5235e451-73b4-5fed-9f46-f0fcf24f879d', 8.2, 5),
  ('797e341d-83d4-5d83-8949-a556bee2ae0a', 'f1e4cfa7-a24e-579b-aa40-f39f0d8170ae', 7.1, 1),
  ('797e341d-83d4-5d83-8949-a556bee2ae0a', 'f5123e87-a707-5270-aae5-f9ea33f7f94d', 7.4, 2),
  ('797e341d-83d4-5d83-8949-a556bee2ae0a', '3d359048-1727-5007-9bba-bbfdfd2c3ae2', 7.7, 3),
  ('797e341d-83d4-5d83-8949-a556bee2ae0a', 'dadf3f05-ce5c-5615-a1e1-f1b9297b9ce5', 8.2, 4),
  ('797e341d-83d4-5d83-8949-a556bee2ae0a', 'f58f9579-72b0-5f27-a0cc-ce8c99f89e22', 9.0, 5),
  ('5235e451-73b4-5fed-9f46-f0fcf24f879d', 'efb79aa1-e635-54b7-931f-243cfaffffaf', 2.8, 1),
  ('5235e451-73b4-5fed-9f46-f0fcf24f879d', '099fde17-11c6-547c-983b-a050ab538a47', 5.1, 2),
  ('5235e451-73b4-5fed-9f46-f0fcf24f879d', '468d66b9-034d-5c9f-b479-29cd78c92f0e', 5.6, 3),
  ('5235e451-73b4-5fed-9f46-f0fcf24f879d', 'b9b6c568-d8ae-5a03-85fa-9cd686327f3f', 6.4, 4),
  ('5235e451-73b4-5fed-9f46-f0fcf24f879d', 'd05ec1a8-6fd6-547c-9fba-1419bacee37f', 6.7, 5),
  ('2e3bf07f-6031-5779-a2c3-c94ed602bae7', 'f7384e83-6bde-5b40-ae27-de137138c50e', 36.5, 1),
  ('2e3bf07f-6031-5779-a2c3-c94ed602bae7', '9201a19b-4738-54c6-88e1-c8dfc9d68c18', 37.6, 2),
  ('2e3bf07f-6031-5779-a2c3-c94ed602bae7', '29c081b7-9987-5926-aa66-b15ef993547d', 96.5, 3),
  ('2e3bf07f-6031-5779-a2c3-c94ed602bae7', '7ed5d5ca-ffbc-585e-9513-828193dd5a41', 113.9, 4),
  ('2e3bf07f-6031-5779-a2c3-c94ed602bae7', '04fff588-0821-5ecc-bcd0-a147ba444598', 135.0, 5),
  ('2ec42d56-6be4-5b86-95ba-efe8f1870475', '0601475c-e45d-52b5-9c51-69fba9531641', 3.4, 1),
  ('2ec42d56-6be4-5b86-95ba-efe8f1870475', '66cb994a-649d-52f5-a912-817555058440', 12.8, 2),
  ('2ec42d56-6be4-5b86-95ba-efe8f1870475', '2f897b92-596f-5579-9f66-79790805a56e', 65.0, 3),
  ('2ec42d56-6be4-5b86-95ba-efe8f1870475', 'd1590ddd-58eb-5033-ac1d-d2b1a09db3e7', 94.9, 4),
  ('2ec42d56-6be4-5b86-95ba-efe8f1870475', '3c3f6e4f-54bc-5263-bfd2-54c99d36d2d4', 97.7, 5),
  ('0601475c-e45d-52b5-9c51-69fba9531641', '2ec42d56-6be4-5b86-95ba-efe8f1870475', 3.4, 1),
  ('0601475c-e45d-52b5-9c51-69fba9531641', '66cb994a-649d-52f5-a912-817555058440', 11.0, 2),
  ('0601475c-e45d-52b5-9c51-69fba9531641', '2f897b92-596f-5579-9f66-79790805a56e', 67.6, 3),
  ('0601475c-e45d-52b5-9c51-69fba9531641', '3c3f6e4f-54bc-5263-bfd2-54c99d36d2d4', 94.4, 4),
  ('0601475c-e45d-52b5-9c51-69fba9531641', 'd1590ddd-58eb-5033-ac1d-d2b1a09db3e7', 96.8, 5),
  ('894cbb68-1048-51c1-939f-e21e7883f413', '13a858dd-ca61-59dc-bc88-1364d8821e1c', 2.1, 1),
  ('894cbb68-1048-51c1-939f-e21e7883f413', '468d66b9-034d-5c9f-b479-29cd78c92f0e', 3.7, 2),
  ('894cbb68-1048-51c1-939f-e21e7883f413', 'efb79aa1-e635-54b7-931f-243cfaffffaf', 4.8, 3),
  ('894cbb68-1048-51c1-939f-e21e7883f413', 'd05ec1a8-6fd6-547c-9fba-1419bacee37f', 5.9, 4),
  ('894cbb68-1048-51c1-939f-e21e7883f413', '099fde17-11c6-547c-983b-a050ab538a47', 6.3, 5),
  ('527f72f6-55ae-55de-8388-483dd9dfac30', '1cb8b737-cfa8-5524-976e-31b11ef3bc6e', 2.5, 1),
  ('527f72f6-55ae-55de-8388-483dd9dfac30', 'f5123e87-a707-5270-aae5-f9ea33f7f94d', 2.9, 2),
  ('527f72f6-55ae-55de-8388-483dd9dfac30', 'dadf3f05-ce5c-5615-a1e1-f1b9297b9ce5', 4.6, 3),
  ('527f72f6-55ae-55de-8388-483dd9dfac30', '3d359048-1727-5007-9bba-bbfdfd2c3ae2', 7.0, 4),
  ('527f72f6-55ae-55de-8388-483dd9dfac30', 'f1e4cfa7-a24e-579b-aa40-f39f0d8170ae', 8.3, 5),
  ('dadf3f05-ce5c-5615-a1e1-f1b9297b9ce5', '3d359048-1727-5007-9bba-bbfdfd2c3ae2', 2.5, 1),
  ('dadf3f05-ce5c-5615-a1e1-f1b9297b9ce5', '527f72f6-55ae-55de-8388-483dd9dfac30', 4.6, 2),
  ('dadf3f05-ce5c-5615-a1e1-f1b9297b9ce5', 'f5123e87-a707-5270-aae5-f9ea33f7f94d', 5.8, 3),
  ('dadf3f05-ce5c-5615-a1e1-f1b9297b9ce5', '1cb8b737-cfa8-5524-976e-31b11ef3bc6e', 7.0, 4),
  ('dadf3f05-ce5c-5615-a1e1-f1b9297b9ce5', '797e341d-83d4-5d83-8949-a556bee2ae0a', 8.2, 5),
  ('dfe16506-f3c9-5e7c-b471-371b0692bd15', '5a20d9c7-9e16-566c-91e8-6aa3063cabf0', 37.8, 1),
  ('dfe16506-f3c9-5e7c-b471-371b0692bd15', 'aad20494-0438-51b7-adfa-54795176a266', 69.5, 2),
  ('dfe16506-f3c9-5e7c-b471-371b0692bd15', 'fc5cfca3-e8b5-5ffe-bbfa-23c5981f6aea', 83.5, 3),
  ('dfe16506-f3c9-5e7c-b471-371b0692bd15', 'e6793c53-2711-5e36-b850-7f374eb9d690', 85.6, 4),
  ('dfe16506-f3c9-5e7c-b471-371b0692bd15', '102589c9-bd8c-53fa-8945-2de23a9a7282', 109.6, 5),
  ('1fc0a097-0e79-5fda-b902-82e13df94696', '6d85f818-eaa4-52ac-9ec4-26d1c22559da', 67.5, 1),
  ('1fc0a097-0e79-5fda-b902-82e13df94696', '74a83aa5-4e68-53fa-8e3e-d52a7141768a', 94.2, 2),
  ('1fc0a097-0e79-5fda-b902-82e13df94696', '35c9e7a3-63cb-5e76-bda6-9fdb389825cb', 104.6, 3),
  ('1fc0a097-0e79-5fda-b902-82e13df94696', '06502ac9-013f-5da5-b353-a171a8f6750a', 106.1, 4),
  ('1fc0a097-0e79-5fda-b902-82e13df94696', '381a513f-a33f-5892-b151-8e65755a400c', 106.9, 5),
  ('099fde17-11c6-547c-983b-a050ab538a47', 'b9b6c568-d8ae-5a03-85fa-9cd686327f3f', 1.4, 1),
  ('099fde17-11c6-547c-983b-a050ab538a47', 'd05ec1a8-6fd6-547c-9fba-1419bacee37f', 1.9, 2),
  ('099fde17-11c6-547c-983b-a050ab538a47', '468d66b9-034d-5c9f-b479-29cd78c92f0e', 2.8, 3),
  ('099fde17-11c6-547c-983b-a050ab538a47', 'efb79aa1-e635-54b7-931f-243cfaffffaf', 2.8, 4),
  ('099fde17-11c6-547c-983b-a050ab538a47', '5235e451-73b4-5fed-9f46-f0fcf24f879d', 5.1, 5),
  ('efb79aa1-e635-54b7-931f-243cfaffffaf', '468d66b9-034d-5c9f-b479-29cd78c92f0e', 2.8, 1),
  ('efb79aa1-e635-54b7-931f-243cfaffffaf', '5235e451-73b4-5fed-9f46-f0fcf24f879d', 2.8, 2),
  ('efb79aa1-e635-54b7-931f-243cfaffffaf', '099fde17-11c6-547c-983b-a050ab538a47', 2.8, 3),
  ('efb79aa1-e635-54b7-931f-243cfaffffaf', 'd05ec1a8-6fd6-547c-9fba-1419bacee37f', 4.1, 4),
  ('efb79aa1-e635-54b7-931f-243cfaffffaf', 'b9b6c568-d8ae-5a03-85fa-9cd686327f3f', 4.3, 5),
  ('2f897b92-596f-5579-9f66-79790805a56e', 'd1590ddd-58eb-5033-ac1d-d2b1a09db3e7', 37.4, 1),
  ('2f897b92-596f-5579-9f66-79790805a56e', '2ec42d56-6be4-5b86-95ba-efe8f1870475', 65.0, 2),
  ('2f897b92-596f-5579-9f66-79790805a56e', '66cb994a-649d-52f5-a912-817555058440', 65.7, 3),
  ('2f897b92-596f-5579-9f66-79790805a56e', '0601475c-e45d-52b5-9c51-69fba9531641', 67.6, 4),
  ('2f897b92-596f-5579-9f66-79790805a56e', '9073a3dc-5a18-5cc8-96b2-435bd8894ded', 126.9, 5),
  ('f58f9579-72b0-5f27-a0cc-ce8c99f89e22', '797e341d-83d4-5d83-8949-a556bee2ae0a', 9.0, 1),
  ('f58f9579-72b0-5f27-a0cc-ce8c99f89e22', 'f2735851-c37b-5df4-b6bf-f61c71ddc60d', 10.0, 2),
  ('f58f9579-72b0-5f27-a0cc-ce8c99f89e22', 'f1e4cfa7-a24e-579b-aa40-f39f0d8170ae', 13.8, 3),
  ('f58f9579-72b0-5f27-a0cc-ce8c99f89e22', 'b9b6c568-d8ae-5a03-85fa-9cd686327f3f', 14.3, 4),
  ('f58f9579-72b0-5f27-a0cc-ce8c99f89e22', '099fde17-11c6-547c-983b-a050ab538a47', 15.4, 5),
  ('715233b9-c7f0-5491-a833-76bc32e024cd', 'b7f72b41-9433-57e6-b083-1fbc0dd71f1b', 9.1, 1),
  ('715233b9-c7f0-5491-a833-76bc32e024cd', '13a858dd-ca61-59dc-bc88-1364d8821e1c', 10.0, 2),
  ('715233b9-c7f0-5491-a833-76bc32e024cd', 'd2642684-d8d7-50c7-850f-37e407e520f5', 10.6, 3),
  ('715233b9-c7f0-5491-a833-76bc32e024cd', '894cbb68-1048-51c1-939f-e21e7883f413', 11.6, 4),
  ('715233b9-c7f0-5491-a833-76bc32e024cd', '468d66b9-034d-5c9f-b479-29cd78c92f0e', 14.2, 5),
  ('468d66b9-034d-5c9f-b479-29cd78c92f0e', 'd05ec1a8-6fd6-547c-9fba-1419bacee37f', 2.3, 1),
  ('468d66b9-034d-5c9f-b479-29cd78c92f0e', '099fde17-11c6-547c-983b-a050ab538a47', 2.8, 2),
  ('468d66b9-034d-5c9f-b479-29cd78c92f0e', 'efb79aa1-e635-54b7-931f-243cfaffffaf', 2.8, 3),
  ('468d66b9-034d-5c9f-b479-29cd78c92f0e', '894cbb68-1048-51c1-939f-e21e7883f413', 3.7, 4),
  ('468d66b9-034d-5c9f-b479-29cd78c92f0e', 'b9b6c568-d8ae-5a03-85fa-9cd686327f3f', 3.7, 5),
  ('9e164fa6-be09-585b-bba9-00541f1c5d73', '43400d34-6b3f-5e75-9b35-e8d517dcb2ef', 24.7, 1),
  ('9e164fa6-be09-585b-bba9-00541f1c5d73', 'fc5cfca3-e8b5-5ffe-bbfa-23c5981f6aea', 61.0, 2),
  ('9e164fa6-be09-585b-bba9-00541f1c5d73', 'f2293802-a112-5f50-be4d-af632f54c38e', 77.4, 3),
  ('9e164fa6-be09-585b-bba9-00541f1c5d73', '5a20d9c7-9e16-566c-91e8-6aa3063cabf0', 107.2, 4),
  ('9e164fa6-be09-585b-bba9-00541f1c5d73', '0f84c14d-6a1f-5b4b-8e84-32612d5ddcbe', 107.9, 5),
  ('95f5114c-2c3c-5842-a5ec-f96b79f65eff', '6d85f818-eaa4-52ac-9ec4-26d1c22559da', 56.3, 1),
  ('95f5114c-2c3c-5842-a5ec-f96b79f65eff', '6f1e0824-cdef-5a48-812a-5a57c4b77439', 60.5, 2),
  ('95f5114c-2c3c-5842-a5ec-f96b79f65eff', '381a513f-a33f-5892-b151-8e65755a400c', 102.1, 3),
  ('95f5114c-2c3c-5842-a5ec-f96b79f65eff', '35c9e7a3-63cb-5e76-bda6-9fdb389825cb', 116.1, 4),
  ('95f5114c-2c3c-5842-a5ec-f96b79f65eff', '42838e9d-6732-5062-9eef-d1b323f05cf4', 121.6, 5),
  ('13a858dd-ca61-59dc-bc88-1364d8821e1c', '894cbb68-1048-51c1-939f-e21e7883f413', 2.1, 1),
  ('13a858dd-ca61-59dc-bc88-1364d8821e1c', '468d66b9-034d-5c9f-b479-29cd78c92f0e', 5.7, 2),
  ('13a858dd-ca61-59dc-bc88-1364d8821e1c', 'b7f72b41-9433-57e6-b083-1fbc0dd71f1b', 6.6, 3),
  ('13a858dd-ca61-59dc-bc88-1364d8821e1c', 'efb79aa1-e635-54b7-931f-243cfaffffaf', 6.9, 4),
  ('13a858dd-ca61-59dc-bc88-1364d8821e1c', 'd05ec1a8-6fd6-547c-9fba-1419bacee37f', 7.9, 5),
  ('27e747d9-c764-574a-a55e-22a9259d5ffd', '81586648-d2ae-57bb-87b8-4455896d8a1d', 36.5, 1),
  ('27e747d9-c764-574a-a55e-22a9259d5ffd', '2d07d010-8e86-5cc9-bc4a-dd42d4d59734', 91.9, 2),
  ('27e747d9-c764-574a-a55e-22a9259d5ffd', '777bc12b-4012-59d6-9ac4-ed6e44b461d0', 150.5, 3),
  ('27e747d9-c764-574a-a55e-22a9259d5ffd', '42048992-5954-53be-b39f-7094fd3ee787', 160.5, 4),
  ('27e747d9-c764-574a-a55e-22a9259d5ffd', '6b5cc542-29c5-513b-880e-dbd54304f90a', 169.9, 5),
  ('3d359048-1727-5007-9bba-bbfdfd2c3ae2', 'dadf3f05-ce5c-5615-a1e1-f1b9297b9ce5', 2.5, 1),
  ('3d359048-1727-5007-9bba-bbfdfd2c3ae2', '527f72f6-55ae-55de-8388-483dd9dfac30', 7.0, 2),
  ('3d359048-1727-5007-9bba-bbfdfd2c3ae2', '797e341d-83d4-5d83-8949-a556bee2ae0a', 7.7, 3),
  ('3d359048-1727-5007-9bba-bbfdfd2c3ae2', 'f5123e87-a707-5270-aae5-f9ea33f7f94d', 7.7, 4),
  ('3d359048-1727-5007-9bba-bbfdfd2c3ae2', '1cb8b737-cfa8-5524-976e-31b11ef3bc6e', 9.3, 5),
  ('07a4758e-2930-5161-a8c2-8f5f33469f68', 'f727a9de-73cb-5183-ac4f-1d939e0a9a02', 9.2, 1),
  ('07a4758e-2930-5161-a8c2-8f5f33469f68', '5d01687f-04f6-5483-8f3e-a18d20bd8442', 26.3, 2),
  ('07a4758e-2930-5161-a8c2-8f5f33469f68', 'c89cb884-d7a1-5c8e-b7d5-45f71d8511c0', 26.3, 3),
  ('07a4758e-2930-5161-a8c2-8f5f33469f68', 'd0f3721d-177e-552f-b74d-40d9a7a203cb', 86.5, 4),
  ('07a4758e-2930-5161-a8c2-8f5f33469f68', 'e72b9d02-df59-564c-b8e2-a5b28680a903', 100.2, 5),
  ('f727a9de-73cb-5183-ac4f-1d939e0a9a02', '07a4758e-2930-5161-a8c2-8f5f33469f68', 9.2, 1),
  ('f727a9de-73cb-5183-ac4f-1d939e0a9a02', 'c89cb884-d7a1-5c8e-b7d5-45f71d8511c0', 18.1, 2),
  ('f727a9de-73cb-5183-ac4f-1d939e0a9a02', '5d01687f-04f6-5483-8f3e-a18d20bd8442', 35.4, 3),
  ('f727a9de-73cb-5183-ac4f-1d939e0a9a02', 'd0f3721d-177e-552f-b74d-40d9a7a203cb', 95.4, 4),
  ('f727a9de-73cb-5183-ac4f-1d939e0a9a02', 'e72b9d02-df59-564c-b8e2-a5b28680a903', 109.3, 5),
  ('d1590ddd-58eb-5033-ac1d-d2b1a09db3e7', '2f897b92-596f-5579-9f66-79790805a56e', 37.4, 1),
  ('d1590ddd-58eb-5033-ac1d-d2b1a09db3e7', '66cb994a-649d-52f5-a912-817555058440', 91.5, 2),
  ('d1590ddd-58eb-5033-ac1d-d2b1a09db3e7', '2ec42d56-6be4-5b86-95ba-efe8f1870475', 94.9, 3),
  ('d1590ddd-58eb-5033-ac1d-d2b1a09db3e7', '0601475c-e45d-52b5-9c51-69fba9531641', 96.8, 4),
  ('d1590ddd-58eb-5033-ac1d-d2b1a09db3e7', '9073a3dc-5a18-5cc8-96b2-435bd8894ded', 121.6, 5),
  ('6807e825-30ec-52a5-bc98-55d8e309ffdb', 'f727a9de-73cb-5183-ac4f-1d939e0a9a02', 226.9, 1),
  ('6807e825-30ec-52a5-bc98-55d8e309ffdb', '07a4758e-2930-5161-a8c2-8f5f33469f68', 229.7, 2),
  ('6807e825-30ec-52a5-bc98-55d8e309ffdb', 'c89cb884-d7a1-5c8e-b7d5-45f71d8511c0', 232.7, 3),
  ('6807e825-30ec-52a5-bc98-55d8e309ffdb', '5d01687f-04f6-5483-8f3e-a18d20bd8442', 234.7, 4),
  ('6807e825-30ec-52a5-bc98-55d8e309ffdb', 'd0f3721d-177e-552f-b74d-40d9a7a203cb', 252.2, 5),
  ('dd78d7f2-e03f-5338-9faa-784df93b814a', '6b5cc542-29c5-513b-880e-dbd54304f90a', 3.9, 1),
  ('dd78d7f2-e03f-5338-9faa-784df93b814a', '0f396dfd-cf1a-5cb6-bf07-e82289db5504', 6.1, 2),
  ('dd78d7f2-e03f-5338-9faa-784df93b814a', '35c9e7a3-63cb-5e76-bda6-9fdb389825cb', 109.7, 3),
  ('dd78d7f2-e03f-5338-9faa-784df93b814a', '95f5114c-2c3c-5842-a5ec-f96b79f65eff', 151.3, 4),
  ('dd78d7f2-e03f-5338-9faa-784df93b814a', '2d07d010-8e86-5cc9-bc4a-dd42d4d59734', 163.8, 5),
  ('6f4fcf45-dce5-5b2f-b1db-deea2f2d5612', '42838e9d-6732-5062-9eef-d1b323f05cf4', 50.2, 1),
  ('6f4fcf45-dce5-5b2f-b1db-deea2f2d5612', '033e9345-4b26-5683-ab6a-eb93ecf9efa1', 59.3, 2),
  ('6f4fcf45-dce5-5b2f-b1db-deea2f2d5612', '6f1e0824-cdef-5a48-812a-5a57c4b77439', 89.8, 3),
  ('6f4fcf45-dce5-5b2f-b1db-deea2f2d5612', '4665ee1b-3995-50a9-906c-0d86ac889a7d', 101.6, 4),
  ('6f4fcf45-dce5-5b2f-b1db-deea2f2d5612', '9637e12f-b5b0-5cc1-a44a-296c4b1640a3', 102.0, 5),
  ('f7384e83-6bde-5b40-ae27-de137138c50e', '2e3bf07f-6031-5779-a2c3-c94ed602bae7', 36.5, 1),
  ('f7384e83-6bde-5b40-ae27-de137138c50e', '9201a19b-4738-54c6-88e1-c8dfc9d68c18', 61.4, 2),
  ('f7384e83-6bde-5b40-ae27-de137138c50e', '29c081b7-9987-5926-aa66-b15ef993547d', 62.2, 3),
  ('f7384e83-6bde-5b40-ae27-de137138c50e', '04fff588-0821-5ecc-bcd0-a147ba444598', 110.3, 4),
  ('f7384e83-6bde-5b40-ae27-de137138c50e', '7ed5d5ca-ffbc-585e-9513-828193dd5a41', 136.9, 5),
  ('d2642684-d8d7-50c7-850f-37e407e520f5', 'b7f72b41-9433-57e6-b083-1fbc0dd71f1b', 2.8, 1),
  ('d2642684-d8d7-50c7-850f-37e407e520f5', 'f1e4cfa7-a24e-579b-aa40-f39f0d8170ae', 7.0, 2),
  ('d2642684-d8d7-50c7-850f-37e407e520f5', '1cb8b737-cfa8-5524-976e-31b11ef3bc6e', 7.5, 3),
  ('d2642684-d8d7-50c7-850f-37e407e520f5', 'd05ec1a8-6fd6-547c-9fba-1419bacee37f', 7.7, 4),
  ('d2642684-d8d7-50c7-850f-37e407e520f5', '468d66b9-034d-5c9f-b479-29cd78c92f0e', 8.2, 5),
  ('aa5701db-f739-548f-96fb-0218985b4117', '5235e451-73b4-5fed-9f46-f0fcf24f879d', 15.9, 1),
  ('aa5701db-f739-548f-96fb-0218985b4117', 'efb79aa1-e635-54b7-931f-243cfaffffaf', 18.2, 2),
  ('aa5701db-f739-548f-96fb-0218985b4117', '13a858dd-ca61-59dc-bc88-1364d8821e1c', 18.5, 3),
  ('aa5701db-f739-548f-96fb-0218985b4117', '894cbb68-1048-51c1-939f-e21e7883f413', 18.7, 4),
  ('aa5701db-f739-548f-96fb-0218985b4117', '468d66b9-034d-5c9f-b479-29cd78c92f0e', 20.3, 5),
  ('e36de80d-42cf-5dd8-8ee7-8c2f8f962321', 'cadcdac7-93e6-5463-86a4-c1619835d06e', 8.2, 1),
  ('e36de80d-42cf-5dd8-8ee7-8c2f8f962321', '05347dab-9af2-560b-aae8-68578720202f', 8.4, 2),
  ('e36de80d-42cf-5dd8-8ee7-8c2f8f962321', '50606f7d-5125-5595-9212-c72198be20a4', 48.3, 3),
  ('e36de80d-42cf-5dd8-8ee7-8c2f8f962321', '6db9dd13-d1b8-5430-ad3b-ec43619beb69', 81.5, 4),
  ('e36de80d-42cf-5dd8-8ee7-8c2f8f962321', '102589c9-bd8c-53fa-8945-2de23a9a7282', 85.0, 5),
  ('d05ec1a8-6fd6-547c-9fba-1419bacee37f', 'b9b6c568-d8ae-5a03-85fa-9cd686327f3f', 1.9, 1),
  ('d05ec1a8-6fd6-547c-9fba-1419bacee37f', '099fde17-11c6-547c-983b-a050ab538a47', 1.9, 2),
  ('d05ec1a8-6fd6-547c-9fba-1419bacee37f', '468d66b9-034d-5c9f-b479-29cd78c92f0e', 2.3, 3),
  ('d05ec1a8-6fd6-547c-9fba-1419bacee37f', 'efb79aa1-e635-54b7-931f-243cfaffffaf', 4.1, 4),
  ('d05ec1a8-6fd6-547c-9fba-1419bacee37f', '894cbb68-1048-51c1-939f-e21e7883f413', 5.9, 5),
  ('6b5cc542-29c5-513b-880e-dbd54304f90a', 'dd78d7f2-e03f-5338-9faa-784df93b814a', 3.9, 1),
  ('6b5cc542-29c5-513b-880e-dbd54304f90a', '0f396dfd-cf1a-5cb6-bf07-e82289db5504', 5.8, 2),
  ('6b5cc542-29c5-513b-880e-dbd54304f90a', '35c9e7a3-63cb-5e76-bda6-9fdb389825cb', 112.1, 3),
  ('6b5cc542-29c5-513b-880e-dbd54304f90a', '95f5114c-2c3c-5842-a5ec-f96b79f65eff', 155.2, 4),
  ('6b5cc542-29c5-513b-880e-dbd54304f90a', '2d07d010-8e86-5cc9-bc4a-dd42d4d59734', 160.9, 5),
  ('f5123e87-a707-5270-aae5-f9ea33f7f94d', '1cb8b737-cfa8-5524-976e-31b11ef3bc6e', 2.9, 1),
  ('f5123e87-a707-5270-aae5-f9ea33f7f94d', '527f72f6-55ae-55de-8388-483dd9dfac30', 2.9, 2),
  ('f5123e87-a707-5270-aae5-f9ea33f7f94d', 'f1e4cfa7-a24e-579b-aa40-f39f0d8170ae', 5.4, 3),
  ('f5123e87-a707-5270-aae5-f9ea33f7f94d', 'dadf3f05-ce5c-5615-a1e1-f1b9297b9ce5', 5.8, 4),
  ('f5123e87-a707-5270-aae5-f9ea33f7f94d', '797e341d-83d4-5d83-8949-a556bee2ae0a', 7.4, 5),
  ('45f3f215-124e-57a1-9ea4-8dcff226c06c', '06502ac9-013f-5da5-b353-a171a8f6750a', 61.6, 1),
  ('45f3f215-124e-57a1-9ea4-8dcff226c06c', '99dba0d1-6078-51d2-b744-57f4089eee6c', 97.8, 2),
  ('45f3f215-124e-57a1-9ea4-8dcff226c06c', '16025ff4-aced-51ff-8d19-f5875433e9a5', 98.5, 3),
  ('45f3f215-124e-57a1-9ea4-8dcff226c06c', '74a83aa5-4e68-53fa-8e3e-d52a7141768a', 134.0, 4),
  ('45f3f215-124e-57a1-9ea4-8dcff226c06c', 'f3143917-92f4-56e4-a565-e42afce98bb0', 154.3, 5),
  ('1e2aba2d-a074-50b5-84b9-6ab976286f0a', 'e72b9d02-df59-564c-b8e2-a5b28680a903', 4.8, 1),
  ('1e2aba2d-a074-50b5-84b9-6ab976286f0a', 'd0f3721d-177e-552f-b74d-40d9a7a203cb', 20.4, 2),
  ('1e2aba2d-a074-50b5-84b9-6ab976286f0a', 'e6793c53-2711-5e36-b850-7f374eb9d690', 46.6, 3),
  ('1e2aba2d-a074-50b5-84b9-6ab976286f0a', 'aad20494-0438-51b7-adfa-54795176a266', 59.1, 4),
  ('1e2aba2d-a074-50b5-84b9-6ab976286f0a', '5d01687f-04f6-5483-8f3e-a18d20bd8442', 78.7, 5),
  ('102589c9-bd8c-53fa-8945-2de23a9a7282', '50606f7d-5125-5595-9212-c72198be20a4', 68.8, 1),
  ('102589c9-bd8c-53fa-8945-2de23a9a7282', '752a99d5-0c42-584f-a5db-11ed7a2b5833', 71.2, 2),
  ('102589c9-bd8c-53fa-8945-2de23a9a7282', 'e36de80d-42cf-5dd8-8ee7-8c2f8f962321', 85.0, 3),
  ('102589c9-bd8c-53fa-8945-2de23a9a7282', '05347dab-9af2-560b-aae8-68578720202f', 92.5, 4),
  ('102589c9-bd8c-53fa-8945-2de23a9a7282', 'cadcdac7-93e6-5463-86a4-c1619835d06e', 93.2, 5),
  ('bf0d58d0-0751-57a2-ab58-34af3eb7baf4', '5b488315-1bcd-5de3-9076-530607e8f8df', 52.3, 1),
  ('bf0d58d0-0751-57a2-ab58-34af3eb7baf4', '4665ee1b-3995-50a9-906c-0d86ac889a7d', 61.2, 2),
  ('bf0d58d0-0751-57a2-ab58-34af3eb7baf4', '033e9345-4b26-5683-ab6a-eb93ecf9efa1', 107.0, 3),
  ('bf0d58d0-0751-57a2-ab58-34af3eb7baf4', '6f4fcf45-dce5-5b2f-b1db-deea2f2d5612', 162.7, 4),
  ('bf0d58d0-0751-57a2-ab58-34af3eb7baf4', '9637e12f-b5b0-5cc1-a44a-296c4b1640a3', 180.7, 5),
  ('b9b6c568-d8ae-5a03-85fa-9cd686327f3f', '099fde17-11c6-547c-983b-a050ab538a47', 1.4, 1),
  ('b9b6c568-d8ae-5a03-85fa-9cd686327f3f', 'd05ec1a8-6fd6-547c-9fba-1419bacee37f', 1.9, 2),
  ('b9b6c568-d8ae-5a03-85fa-9cd686327f3f', '468d66b9-034d-5c9f-b479-29cd78c92f0e', 3.7, 3),
  ('b9b6c568-d8ae-5a03-85fa-9cd686327f3f', 'efb79aa1-e635-54b7-931f-243cfaffffaf', 4.3, 4),
  ('b9b6c568-d8ae-5a03-85fa-9cd686327f3f', 'f2735851-c37b-5df4-b6bf-f61c71ddc60d', 5.1, 5),
  ('42048992-5954-53be-b39f-7094fd3ee787', '777bc12b-4012-59d6-9ac4-ed6e44b461d0', 47.0, 1),
  ('42048992-5954-53be-b39f-7094fd3ee787', '0f84c14d-6a1f-5b4b-8e84-32612d5ddcbe', 64.3, 2),
  ('42048992-5954-53be-b39f-7094fd3ee787', 'fb31acc8-7c4a-5c45-a4e9-f5d56e396ec1', 127.1, 3),
  ('42048992-5954-53be-b39f-7094fd3ee787', '81586648-d2ae-57bb-87b8-4455896d8a1d', 135.4, 4),
  ('42048992-5954-53be-b39f-7094fd3ee787', '27e747d9-c764-574a-a55e-22a9259d5ffd', 160.5, 5),
  ('12c149bd-fb44-5999-afa3-abe669a79839', 'c736fa80-c74b-5f94-87b9-8f960a904c92', 106.9, 1),
  ('12c149bd-fb44-5999-afa3-abe669a79839', '3d359048-1727-5007-9bba-bbfdfd2c3ae2', 129.5, 2),
  ('12c149bd-fb44-5999-afa3-abe669a79839', 'aa197e89-8f5f-54fa-b875-392987c1fbf5', 130.3, 3),
  ('12c149bd-fb44-5999-afa3-abe669a79839', 'dadf3f05-ce5c-5615-a1e1-f1b9297b9ce5', 131.2, 4),
  ('12c149bd-fb44-5999-afa3-abe669a79839', '797e341d-83d4-5d83-8949-a556bee2ae0a', 135.2, 5),
  ('6d85f818-eaa4-52ac-9ec4-26d1c22559da', '95f5114c-2c3c-5842-a5ec-f96b79f65eff', 56.3, 1),
  ('6d85f818-eaa4-52ac-9ec4-26d1c22559da', '1fc0a097-0e79-5fda-b902-82e13df94696', 67.5, 2),
  ('6d85f818-eaa4-52ac-9ec4-26d1c22559da', '6f1e0824-cdef-5a48-812a-5a57c4b77439', 83.5, 3),
  ('6d85f818-eaa4-52ac-9ec4-26d1c22559da', '381a513f-a33f-5892-b151-8e65755a400c', 87.8, 4),
  ('6d85f818-eaa4-52ac-9ec4-26d1c22559da', '35c9e7a3-63cb-5e76-bda6-9fdb389825cb', 88.9, 5),
  ('6db9dd13-d1b8-5430-ad3b-ec43619beb69', '958ecbcc-3c83-518c-b423-c32a80f6c0ad', 40.7, 1),
  ('6db9dd13-d1b8-5430-ad3b-ec43619beb69', '752a99d5-0c42-584f-a5db-11ed7a2b5833', 44.5, 2),
  ('6db9dd13-d1b8-5430-ad3b-ec43619beb69', 'e36de80d-42cf-5dd8-8ee7-8c2f8f962321', 81.5, 3),
  ('6db9dd13-d1b8-5430-ad3b-ec43619beb69', 'cadcdac7-93e6-5463-86a4-c1619835d06e', 83.1, 4),
  ('6db9dd13-d1b8-5430-ad3b-ec43619beb69', '05347dab-9af2-560b-aae8-68578720202f', 87.0, 5),
  ('1cb8b737-cfa8-5524-976e-31b11ef3bc6e', '527f72f6-55ae-55de-8388-483dd9dfac30', 2.5, 1),
  ('1cb8b737-cfa8-5524-976e-31b11ef3bc6e', 'f5123e87-a707-5270-aae5-f9ea33f7f94d', 2.9, 2),
  ('1cb8b737-cfa8-5524-976e-31b11ef3bc6e', 'dadf3f05-ce5c-5615-a1e1-f1b9297b9ce5', 7.0, 3),
  ('1cb8b737-cfa8-5524-976e-31b11ef3bc6e', 'f1e4cfa7-a24e-579b-aa40-f39f0d8170ae', 7.2, 4),
  ('1cb8b737-cfa8-5524-976e-31b11ef3bc6e', 'd2642684-d8d7-50c7-850f-37e407e520f5', 7.5, 5),
  ('4665ee1b-3995-50a9-906c-0d86ac889a7d', '033e9345-4b26-5683-ab6a-eb93ecf9efa1', 46.7, 1),
  ('4665ee1b-3995-50a9-906c-0d86ac889a7d', 'bf0d58d0-0751-57a2-ab58-34af3eb7baf4', 61.2, 2),
  ('4665ee1b-3995-50a9-906c-0d86ac889a7d', '6f4fcf45-dce5-5b2f-b1db-deea2f2d5612', 101.6, 3),
  ('4665ee1b-3995-50a9-906c-0d86ac889a7d', '5b488315-1bcd-5de3-9076-530607e8f8df', 109.4, 4),
  ('4665ee1b-3995-50a9-906c-0d86ac889a7d', '9637e12f-b5b0-5cc1-a44a-296c4b1640a3', 132.6, 5),
  ('d0f3721d-177e-552f-b74d-40d9a7a203cb', 'e72b9d02-df59-564c-b8e2-a5b28680a903', 16.3, 1),
  ('d0f3721d-177e-552f-b74d-40d9a7a203cb', '1e2aba2d-a074-50b5-84b9-6ab976286f0a', 20.4, 2),
  ('d0f3721d-177e-552f-b74d-40d9a7a203cb', '5d01687f-04f6-5483-8f3e-a18d20bd8442', 60.3, 3),
  ('d0f3721d-177e-552f-b74d-40d9a7a203cb', 'e6793c53-2711-5e36-b850-7f374eb9d690', 64.5, 4),
  ('d0f3721d-177e-552f-b74d-40d9a7a203cb', 'aad20494-0438-51b7-adfa-54795176a266', 71.5, 5),
  ('5d01687f-04f6-5483-8f3e-a18d20bd8442', '07a4758e-2930-5161-a8c2-8f5f33469f68', 26.3, 1),
  ('5d01687f-04f6-5483-8f3e-a18d20bd8442', 'f727a9de-73cb-5183-ac4f-1d939e0a9a02', 35.4, 2),
  ('5d01687f-04f6-5483-8f3e-a18d20bd8442', 'c89cb884-d7a1-5c8e-b7d5-45f71d8511c0', 52.3, 3),
  ('5d01687f-04f6-5483-8f3e-a18d20bd8442', 'd0f3721d-177e-552f-b74d-40d9a7a203cb', 60.3, 4),
  ('5d01687f-04f6-5483-8f3e-a18d20bd8442', 'e72b9d02-df59-564c-b8e2-a5b28680a903', 73.9, 5),
  ('43400d34-6b3f-5e75-9b35-e8d517dcb2ef', '9e164fa6-be09-585b-bba9-00541f1c5d73', 24.7, 1),
  ('43400d34-6b3f-5e75-9b35-e8d517dcb2ef', 'f2293802-a112-5f50-be4d-af632f54c38e', 55.8, 2),
  ('43400d34-6b3f-5e75-9b35-e8d517dcb2ef', 'fc5cfca3-e8b5-5ffe-bbfa-23c5981f6aea', 85.0, 3),
  ('43400d34-6b3f-5e75-9b35-e8d517dcb2ef', '0f84c14d-6a1f-5b4b-8e84-32612d5ddcbe', 107.9, 4),
  ('43400d34-6b3f-5e75-9b35-e8d517dcb2ef', '5a20d9c7-9e16-566c-91e8-6aa3063cabf0', 131.2, 5),
  ('ba853ac1-85cf-582c-9fcd-efb108a8dd57', 'aa5701db-f739-548f-96fb-0218985b4117', 43.7, 1),
  ('ba853ac1-85cf-582c-9fcd-efb108a8dd57', '9073a3dc-5a18-5cc8-96b2-435bd8894ded', 53.9, 2),
  ('ba853ac1-85cf-582c-9fcd-efb108a8dd57', '5235e451-73b4-5fed-9f46-f0fcf24f879d', 55.0, 3),
  ('ba853ac1-85cf-582c-9fcd-efb108a8dd57', 'efb79aa1-e635-54b7-931f-243cfaffffaf', 57.8, 4),
  ('ba853ac1-85cf-582c-9fcd-efb108a8dd57', 'f2735851-c37b-5df4-b6bf-f61c71ddc60d', 58.4, 5),
  ('6f1e0824-cdef-5a48-812a-5a57c4b77439', '381a513f-a33f-5892-b151-8e65755a400c', 60.0, 1),
  ('6f1e0824-cdef-5a48-812a-5a57c4b77439', '95f5114c-2c3c-5842-a5ec-f96b79f65eff', 60.5, 2),
  ('6f1e0824-cdef-5a48-812a-5a57c4b77439', '42838e9d-6732-5062-9eef-d1b323f05cf4', 61.7, 3),
  ('6f1e0824-cdef-5a48-812a-5a57c4b77439', '6d85f818-eaa4-52ac-9ec4-26d1c22559da', 83.5, 4),
  ('6f1e0824-cdef-5a48-812a-5a57c4b77439', '6f4fcf45-dce5-5b2f-b1db-deea2f2d5612', 89.8, 5),
  ('381a513f-a33f-5892-b151-8e65755a400c', '5698f197-a3ba-558a-b12a-56cf981c00b4', 52.4, 1),
  ('381a513f-a33f-5892-b151-8e65755a400c', '42838e9d-6732-5062-9eef-d1b323f05cf4', 54.1, 2),
  ('381a513f-a33f-5892-b151-8e65755a400c', '6f1e0824-cdef-5a48-812a-5a57c4b77439', 60.0, 3),
  ('381a513f-a33f-5892-b151-8e65755a400c', '6d85f818-eaa4-52ac-9ec4-26d1c22559da', 87.8, 4),
  ('381a513f-a33f-5892-b151-8e65755a400c', '95f5114c-2c3c-5842-a5ec-f96b79f65eff', 102.1, 5),
  ('033e9345-4b26-5683-ab6a-eb93ecf9efa1', '4665ee1b-3995-50a9-906c-0d86ac889a7d', 46.7, 1),
  ('033e9345-4b26-5683-ab6a-eb93ecf9efa1', '6f4fcf45-dce5-5b2f-b1db-deea2f2d5612', 59.3, 2),
  ('033e9345-4b26-5683-ab6a-eb93ecf9efa1', '9637e12f-b5b0-5cc1-a44a-296c4b1640a3', 95.5, 3),
  ('033e9345-4b26-5683-ab6a-eb93ecf9efa1', '42838e9d-6732-5062-9eef-d1b323f05cf4', 103.1, 4),
  ('033e9345-4b26-5683-ab6a-eb93ecf9efa1', 'bf0d58d0-0751-57a2-ab58-34af3eb7baf4', 107.0, 5),
  ('3c3f6e4f-54bc-5263-bfd2-54c99d36d2d4', '9073a3dc-5a18-5cc8-96b2-435bd8894ded', 71.3, 1),
  ('3c3f6e4f-54bc-5263-bfd2-54c99d36d2d4', 'c736fa80-c74b-5f94-87b9-8f960a904c92', 84.8, 2),
  ('3c3f6e4f-54bc-5263-bfd2-54c99d36d2d4', '66cb994a-649d-52f5-a912-817555058440', 88.3, 3),
  ('3c3f6e4f-54bc-5263-bfd2-54c99d36d2d4', '0601475c-e45d-52b5-9c51-69fba9531641', 94.4, 4),
  ('3c3f6e4f-54bc-5263-bfd2-54c99d36d2d4', '2ec42d56-6be4-5b86-95ba-efe8f1870475', 97.7, 5),
  ('2d07d010-8e86-5cc9-bc4a-dd42d4d59734', '27e747d9-c764-574a-a55e-22a9259d5ffd', 91.9, 1),
  ('2d07d010-8e86-5cc9-bc4a-dd42d4d59734', '81586648-d2ae-57bb-87b8-4455896d8a1d', 128.3, 2),
  ('2d07d010-8e86-5cc9-bc4a-dd42d4d59734', '6b5cc542-29c5-513b-880e-dbd54304f90a', 160.9, 3),
  ('2d07d010-8e86-5cc9-bc4a-dd42d4d59734', 'dd78d7f2-e03f-5338-9faa-784df93b814a', 163.8, 4),
  ('2d07d010-8e86-5cc9-bc4a-dd42d4d59734', '0f396dfd-cf1a-5cb6-bf07-e82289db5504', 165.7, 5),
  ('4546ddee-abdb-5799-b344-ce88c080694b', '9637e12f-b5b0-5cc1-a44a-296c4b1640a3', 67.4, 1),
  ('4546ddee-abdb-5799-b344-ce88c080694b', '5698f197-a3ba-558a-b12a-56cf981c00b4', 67.6, 2),
  ('4546ddee-abdb-5799-b344-ce88c080694b', '12d881e9-97d0-5e46-ade4-680b820650eb', 72.7, 3),
  ('4546ddee-abdb-5799-b344-ce88c080694b', '42838e9d-6732-5062-9eef-d1b323f05cf4', 111.3, 4),
  ('4546ddee-abdb-5799-b344-ce88c080694b', '381a513f-a33f-5892-b151-8e65755a400c', 112.7, 5),
  ('0f84c14d-6a1f-5b4b-8e84-32612d5ddcbe', '42048992-5954-53be-b39f-7094fd3ee787', 64.3, 1),
  ('0f84c14d-6a1f-5b4b-8e84-32612d5ddcbe', '777bc12b-4012-59d6-9ac4-ed6e44b461d0', 66.9, 2),
  ('0f84c14d-6a1f-5b4b-8e84-32612d5ddcbe', '9e164fa6-be09-585b-bba9-00541f1c5d73', 107.9, 3),
  ('0f84c14d-6a1f-5b4b-8e84-32612d5ddcbe', '43400d34-6b3f-5e75-9b35-e8d517dcb2ef', 107.9, 4),
  ('0f84c14d-6a1f-5b4b-8e84-32612d5ddcbe', 'fc5cfca3-e8b5-5ffe-bbfa-23c5981f6aea', 143.4, 5),
  ('8513f018-e293-58dd-b5d8-b41657b50a5b', 'a8633eee-13ff-5ce9-b0c1-96c0e88a688d', 46.4, 1),
  ('8513f018-e293-58dd-b5d8-b41657b50a5b', 'aa5701db-f739-548f-96fb-0218985b4117', 67.5, 2),
  ('8513f018-e293-58dd-b5d8-b41657b50a5b', 'dc2c146b-0d04-5d0f-9854-6d48ee53c051', 69.4, 3),
  ('8513f018-e293-58dd-b5d8-b41657b50a5b', '715233b9-c7f0-5491-a833-76bc32e024cd', 75.8, 4),
  ('8513f018-e293-58dd-b5d8-b41657b50a5b', '13a858dd-ca61-59dc-bc88-1364d8821e1c', 76.8, 5),
  ('fb05679c-0c85-5b6c-b6f4-c7109f48f56f', 'c736fa80-c74b-5f94-87b9-8f960a904c92', 75.5, 1),
  ('fb05679c-0c85-5b6c-b6f4-c7109f48f56f', '3c3f6e4f-54bc-5263-bfd2-54c99d36d2d4', 102.9, 2),
  ('fb05679c-0c85-5b6c-b6f4-c7109f48f56f', '56634858-ec93-5ff1-8c11-e224baf0154c', 128.1, 3),
  ('fb05679c-0c85-5b6c-b6f4-c7109f48f56f', '0601475c-e45d-52b5-9c51-69fba9531641', 150.1, 4),
  ('fb05679c-0c85-5b6c-b6f4-c7109f48f56f', '66cb994a-649d-52f5-a912-817555058440', 151.7, 5),
  ('9201a19b-4738-54c6-88e1-c8dfc9d68c18', '2e3bf07f-6031-5779-a2c3-c94ed602bae7', 37.6, 1),
  ('9201a19b-4738-54c6-88e1-c8dfc9d68c18', 'f7384e83-6bde-5b40-ae27-de137138c50e', 61.4, 2),
  ('9201a19b-4738-54c6-88e1-c8dfc9d68c18', '7ed5d5ca-ffbc-585e-9513-828193dd5a41', 77.2, 3),
  ('9201a19b-4738-54c6-88e1-c8dfc9d68c18', '29c081b7-9987-5926-aa66-b15ef993547d', 123.2, 4),
  ('9201a19b-4738-54c6-88e1-c8dfc9d68c18', '04fff588-0821-5ecc-bcd0-a147ba444598', 127.6, 5),
  ('99dba0d1-6078-51d2-b744-57f4089eee6c', '74a83aa5-4e68-53fa-8e3e-d52a7141768a', 53.4, 1),
  ('99dba0d1-6078-51d2-b744-57f4089eee6c', '16025ff4-aced-51ff-8d19-f5875433e9a5', 55.5, 2),
  ('99dba0d1-6078-51d2-b744-57f4089eee6c', '06502ac9-013f-5da5-b353-a171a8f6750a', 90.3, 3),
  ('99dba0d1-6078-51d2-b744-57f4089eee6c', 'dc2c146b-0d04-5d0f-9854-6d48ee53c051', 96.1, 4),
  ('99dba0d1-6078-51d2-b744-57f4089eee6c', '12d881e9-97d0-5e46-ade4-680b820650eb', 96.9, 5),
  ('fb31acc8-7c4a-5c45-a4e9-f5d56e396ec1', 'a8f470cc-0319-58ec-88dc-f7ee06897a6e', 78.0, 1),
  ('fb31acc8-7c4a-5c45-a4e9-f5d56e396ec1', '35c9e7a3-63cb-5e76-bda6-9fdb389825cb', 120.4, 2),
  ('fb31acc8-7c4a-5c45-a4e9-f5d56e396ec1', '42048992-5954-53be-b39f-7094fd3ee787', 127.1, 3),
  ('fb31acc8-7c4a-5c45-a4e9-f5d56e396ec1', 'f3143917-92f4-56e4-a565-e42afce98bb0', 139.4, 4),
  ('fb31acc8-7c4a-5c45-a4e9-f5d56e396ec1', '0f84c14d-6a1f-5b4b-8e84-32612d5ddcbe', 145.1, 5),
  ('06502ac9-013f-5da5-b353-a171a8f6750a', '45f3f215-124e-57a1-9ea4-8dcff226c06c', 61.6, 1),
  ('06502ac9-013f-5da5-b353-a171a8f6750a', '99dba0d1-6078-51d2-b744-57f4089eee6c', 90.3, 2),
  ('06502ac9-013f-5da5-b353-a171a8f6750a', '74a83aa5-4e68-53fa-8e3e-d52a7141768a', 100.1, 3),
  ('06502ac9-013f-5da5-b353-a171a8f6750a', '1fc0a097-0e79-5fda-b902-82e13df94696', 106.1, 4),
  ('06502ac9-013f-5da5-b353-a171a8f6750a', 'a8f470cc-0319-58ec-88dc-f7ee06897a6e', 113.5, 5),
  ('81586648-d2ae-57bb-87b8-4455896d8a1d', '27e747d9-c764-574a-a55e-22a9259d5ffd', 36.5, 1),
  ('81586648-d2ae-57bb-87b8-4455896d8a1d', '777bc12b-4012-59d6-9ac4-ed6e44b461d0', 118.3, 2),
  ('81586648-d2ae-57bb-87b8-4455896d8a1d', '2d07d010-8e86-5cc9-bc4a-dd42d4d59734', 128.3, 3),
  ('81586648-d2ae-57bb-87b8-4455896d8a1d', '42048992-5954-53be-b39f-7094fd3ee787', 135.4, 4),
  ('81586648-d2ae-57bb-87b8-4455896d8a1d', '0f84c14d-6a1f-5b4b-8e84-32612d5ddcbe', 184.2, 5),
  ('35c9e7a3-63cb-5e76-bda6-9fdb389825cb', 'a8f470cc-0319-58ec-88dc-f7ee06897a6e', 88.2, 1),
  ('35c9e7a3-63cb-5e76-bda6-9fdb389825cb', '6d85f818-eaa4-52ac-9ec4-26d1c22559da', 88.9, 2),
  ('35c9e7a3-63cb-5e76-bda6-9fdb389825cb', '1fc0a097-0e79-5fda-b902-82e13df94696', 104.6, 3),
  ('35c9e7a3-63cb-5e76-bda6-9fdb389825cb', '0f396dfd-cf1a-5cb6-bf07-e82289db5504', 107.0, 4),
  ('35c9e7a3-63cb-5e76-bda6-9fdb389825cb', 'dd78d7f2-e03f-5338-9faa-784df93b814a', 109.7, 5),
  ('dc2c146b-0d04-5d0f-9854-6d48ee53c051', '715233b9-c7f0-5491-a833-76bc32e024cd', 61.6, 1),
  ('dc2c146b-0d04-5d0f-9854-6d48ee53c051', '16025ff4-aced-51ff-8d19-f5875433e9a5', 67.7, 2),
  ('dc2c146b-0d04-5d0f-9854-6d48ee53c051', '8513f018-e293-58dd-b5d8-b41657b50a5b', 69.4, 3),
  ('dc2c146b-0d04-5d0f-9854-6d48ee53c051', 'b7f72b41-9433-57e6-b083-1fbc0dd71f1b', 70.6, 4),
  ('dc2c146b-0d04-5d0f-9854-6d48ee53c051', '13a858dd-ca61-59dc-bc88-1364d8821e1c', 70.6, 5);

commit;
